file,true_label,predicted_label,deepfake_probability,true_class,predicted_class,true_label_norm,pred_label_norm,file_key,file_metadata,split,label,modify_video,modify_audio,n_fakes,duration,video_frames,audio_channels,audio_frames,original,fake_periods,correct,error_type
test/000031.mp4,1,0,0.290699690580368,DEEPFAKE,REAL,1,0,test/000031.mp4,test/000031.mp4,test,1,0,1,1,8.128,199,1,128000,test/000028.mp4,"[[6.0, 7.294]]",False,FALSE_NEGATIVE
test/000023.mp4,1,0,0.0170484259724617,DEEPFAKE,REAL,1,0,test/000023.mp4,test/000023.mp4,test,1,0,1,1,8.512,208,1,134144,test/000020.mp4,"[[4.7, 5.604]]",False,FALSE_NEGATIVE
test/000064.mp4,1,0,0.4216487109661102,DEEPFAKE,REAL,1,0,test/000064.mp4,test/000064.mp4,test,1,0,1,1,5.824,143,1,91136,test/000061.mp4,"[[0.8, 1.72]]",False,FALSE_NEGATIVE
test/000142.mp4,1,0,0.0186741761863231,DEEPFAKE,REAL,1,0,test/000142.mp4,test/000142.mp4,test,1,0,1,1,6.272,153,1,98304,test/000139.mp4,"[[5.2, 5.894]]",False,FALSE_NEGATIVE
test/000175.mp4,1,0,0.1929972916841507,DEEPFAKE,REAL,1,0,test/000175.mp4,test/000175.mp4,test,1,1,1,1,14.72,366,1,233472,test/000171.mp4,"[[12.0, 12.694]]",False,FALSE_NEGATIVE
test/000205.mp4,1,0,0.0236940067261457,DEEPFAKE,REAL,1,0,test/000205.mp4,test/000205.mp4,test,1,1,0,1,4.288,104,1,66560,test/000203.mp4,"[[2.6, 3.08]]",False,FALSE_NEGATIVE
test/000206.mp4,1,0,0.0092461947351694,DEEPFAKE,REAL,1,0,test/000206.mp4,test/000206.mp4,test,1,0,1,1,4.736,116,1,73728,test/000203.mp4,"[[2.6, 3.624]]",False,FALSE_NEGATIVE
test/000173.mp4,1,0,0.1515251398086547,DEEPFAKE,REAL,1,0,test/000173.mp4,test/000173.mp4,test,1,1,0,2,14.528,360,1,230400,test/000171.mp4,"[[12.0, 12.28], [10.9, 11.1]]",False,FALSE_NEGATIVE
test/000176.mp4,1,0,0.2349880486726761,DEEPFAKE,REAL,1,0,test/000176.mp4,test/000176.mp4,test,1,1,0,1,14.4,357,1,228352,test/000171.mp4,"[[12.0, 12.28]]",False,FALSE_NEGATIVE
test/000197.mp4,1,0,0.1501185745000839,DEEPFAKE,REAL,1,0,test/000197.mp4,test/000197.mp4,test,1,1,0,1,12.16,301,1,192512,test/000195.mp4,"[[0.6, 1.28]]",False,FALSE_NEGATIVE
test/000274.mp4,1,0,0.1379553824663162,DEEPFAKE,REAL,1,0,test/000274.mp4,test/000274.mp4,test,1,1,1,1,11.072,274,1,175104,test/000270.mp4,"[[5.2, 6.194]]",False,FALSE_NEGATIVE
test/000273.mp4,1,0,0.0793778896331787,DEEPFAKE,REAL,1,0,test/000273.mp4,test/000273.mp4,test,1,0,1,2,11.328,280,1,179200,test/000270.mp4,"[[5.2, 6.024], [3.6, 4.304]]",False,FALSE_NEGATIVE
test/000276.mp4,1,0,0.1217097640037536,DEEPFAKE,REAL,1,0,test/000276.mp4,test/000276.mp4,test,1,0,1,1,11.072,274,1,175104,test/000270.mp4,"[[5.2, 6.184]]",False,FALSE_NEGATIVE
test/001019.mp4,1,0,0.4008015692234039,DEEPFAKE,REAL,1,0,test/001019.mp4,test/001019.mp4,test,1,1,0,1,4.352,107,1,67584,test/001017.mp4,"[[1.7, 2.3]]",False,FALSE_NEGATIVE
test/001024.mp4,1,0,0.0066745616495609,DEEPFAKE,REAL,1,0,test/001024.mp4,test/001024.mp4,test,1,0,1,1,5.44,134,1,84992,test/001021.mp4,"[[2.5, 2.884]]",False,FALSE_NEGATIVE
test/001167.mp4,1,0,0.1736077815294265,DEEPFAKE,REAL,1,0,test/001167.mp4,test/001167.mp4,test,1,1,1,2,11.904,293,1,188416,test/001166.mp4,"[[0.9, 1.504], [6.804, 7.588]]",False,FALSE_NEGATIVE
test/001178.mp4,1,0,0.3472756147384643,DEEPFAKE,REAL,1,0,test/001178.mp4,test/001178.mp4,test,1,1,1,1,6.848,169,1,107520,test/001177.mp4,"[[4.0, 5.174]]",False,FALSE_NEGATIVE
test/001168.mp4,1,0,0.0261048953980207,DEEPFAKE,REAL,1,0,test/001168.mp4,test/001168.mp4,test,1,1,0,2,11.072,274,1,175104,test/001166.mp4,"[[0.9, 1.18], [6.48, 6.76]]",False,FALSE_NEGATIVE
test/001183.mp4,1,0,5.707606760552153e-05,DEEPFAKE,REAL,1,0,test/001183.mp4,test/001183.mp4,test,1,1,1,1,9.664,239,1,152576,test/001182.mp4,"[[3.2, 3.894]]",False,FALSE_NEGATIVE
test/001191.mp4,1,0,0.0046066278591752,DEEPFAKE,REAL,1,0,test/001191.mp4,test/001191.mp4,test,1,1,1,1,5.184,127,1,80896,test/001190.mp4,"[[0.2, 0.954]]",False,FALSE_NEGATIVE
test/001187.mp4,1,0,2.625769047881477e-05,DEEPFAKE,REAL,1,0,test/001187.mp4,test/001187.mp4,test,1,1,1,1,8.32,204,1,131072,test/001186.mp4,"[[1.2, 1.834]]",False,FALSE_NEGATIVE
test/001188.mp4,1,0,0.0001921140792546,DEEPFAKE,REAL,1,0,test/001188.mp4,test/001188.mp4,test,1,1,0,1,8.064,199,1,126976,test/001186.mp4,"[[1.2, 1.564]]",False,FALSE_NEGATIVE
test/001193.mp4,1,0,0.0064269206486642,DEEPFAKE,REAL,1,0,test/001193.mp4,test/001193.mp4,test,1,0,1,1,5.184,127,1,80896,test/001190.mp4,"[[0.2, 0.944]]",False,FALSE_NEGATIVE
test/001192.mp4,1,0,0.0022849480155855,DEEPFAKE,REAL,1,0,test/001192.mp4,test/001192.mp4,test,1,1,0,1,4.8,116,1,74752,test/001190.mp4,"[[0.2, 0.48]]",False,FALSE_NEGATIVE
test/001185.mp4,1,0,4.941293809679337e-05,DEEPFAKE,REAL,1,0,test/001185.mp4,test/001185.mp4,test,1,0,1,1,9.664,239,1,152576,test/001182.mp4,"[[3.2, 3.894]]",False,FALSE_NEGATIVE
test/001184.mp4,1,0,0.0099622244015336,DEEPFAKE,REAL,1,0,test/001184.mp4,test/001184.mp4,test,1,1,0,1,9.344,230,1,147456,test/001182.mp4,"[[3.2, 3.48]]",False,FALSE_NEGATIVE
test/001189.mp4,1,0,7.117778295651078e-05,DEEPFAKE,REAL,1,0,test/001189.mp4,test/001189.mp4,test,1,0,1,1,8.32,205,1,131072,test/001186.mp4,"[[1.2, 1.834]]",False,FALSE_NEGATIVE
test/001255.mp4,1,0,0.0091301184147596,DEEPFAKE,REAL,1,0,test/001255.mp4,test/001255.mp4,test,1,1,1,1,6.464,160,1,101376,test/001254.mp4,"[[4.0, 4.724]]",False,FALSE_NEGATIVE
test/001421.mp4,1,0,0.0059931445866823,DEEPFAKE,REAL,1,0,test/001421.mp4,test/001421.mp4,test,1,1,0,1,6.72,164,1,105472,test/001419.mp4,"[[3.0, 3.4]]",False,FALSE_NEGATIVE
test/001420.mp4,1,0,0.274747759103775,DEEPFAKE,REAL,1,0,test/001420.mp4,test/001420.mp4,test,1,1,1,1,7.616,186,1,119808,test/001419.mp4,"[[3.0, 4.324]]",False,FALSE_NEGATIVE
test/001418.mp4,1,0,0.0036634162534028,DEEPFAKE,REAL,1,0,test/001418.mp4,test/001418.mp4,test,1,0,1,1,3.84,92,1,59392,test/001415.mp4,"[[2.8, 3.4]]",False,FALSE_NEGATIVE
test/001416.mp4,1,0,0.0006358748069033,DEEPFAKE,REAL,1,0,test/001416.mp4,test/001416.mp4,test,1,1,1,1,3.712,90,1,57344,test/001415.mp4,"[[2.8, 3.374]]",False,FALSE_NEGATIVE
test/001499.mp4,1,0,0.2133143991231918,DEEPFAKE,REAL,1,0,test/001499.mp4,test/001499.mp4,test,1,1,1,1,7.68,187,1,120832,test/001498.mp4,"[[1.7, 2.964]]",False,FALSE_NEGATIVE
test/001523.mp4,1,0,0.1420751959085464,DEEPFAKE,REAL,1,0,test/001523.mp4,test/001523.mp4,test,1,1,0,1,7.872,194,1,123904,test/001521.mp4,"[[6.5, 6.78]]",False,FALSE_NEGATIVE
test/001528.mp4,1,0,0.1339645832777023,DEEPFAKE,REAL,1,0,test/001528.mp4,test/001528.mp4,test,1,0,1,1,5.12,125,1,79872,test/001525.mp4,"[[4.1, 4.804]]",False,FALSE_NEGATIVE
test/001526.mp4,1,0,0.1890161633491516,DEEPFAKE,REAL,1,0,test/001526.mp4,test/001526.mp4,test,1,1,1,1,5.184,127,1,80896,test/001525.mp4,"[[4.1, 4.824]]",False,FALSE_NEGATIVE
test/001516.mp4,1,0,0.0125320618972182,DEEPFAKE,REAL,1,0,test/001516.mp4,test/001516.mp4,test,1,0,1,1,5.184,126,1,80896,test/001513.mp4,"[[2.8, 3.824]]",False,FALSE_NEGATIVE
test/001655.mp4,1,0,0.0274266675114631,DEEPFAKE,REAL,1,0,test/001655.mp4,test/001655.mp4,test,1,1,0,1,5.824,142,1,91136,test/001653.mp4,"[[4.6, 4.88]]",False,FALSE_NEGATIVE
test/001650.mp4,1,0,0.0632767751812934,DEEPFAKE,REAL,1,0,test/001650.mp4,test/001650.mp4,test,1,1,1,1,11.52,285,1,182272,test/001646.mp4,"[[1.7, 2.694]]",False,FALSE_NEGATIVE
test/001648.mp4,1,0,0.3874112069606781,DEEPFAKE,REAL,1,0,test/001648.mp4,test/001648.mp4,test,1,1,0,2,10.88,269,1,172032,test/001646.mp4,"[[1.7, 1.9], [3.4, 3.6]]",False,FALSE_NEGATIVE
test/001751.mp4,1,0,0.3769330084323883,DEEPFAKE,REAL,1,0,test/001751.mp4,test/001751.mp4,test,1,1,1,1,5.568,136,1,87040,test/001750.mp4,"[[0.8, 1.494]]",False,FALSE_NEGATIVE
test/001749.mp4,1,0,0.4707280099391937,DEEPFAKE,REAL,1,0,test/001749.mp4,test/001749.mp4,test,1,0,1,1,4.992,120,1,77824,test/001746.mp4,"[[2.5, 3.084]]",False,FALSE_NEGATIVE
test/001760.mp4,1,0,0.0937465131282806,DEEPFAKE,REAL,1,0,test/001760.mp4,test/001760.mp4,test,1,1,0,1,4.8,116,1,74752,test/001758.mp4,"[[2.8, 3.08]]",False,FALSE_NEGATIVE
test/001770.mp4,1,0,0.3434033691883087,DEEPFAKE,REAL,1,0,test/001770.mp4,test/001770.mp4,test,1,0,1,1,6.272,153,1,98304,test/001767.mp4,"[[2.3, 3.084]]",False,FALSE_NEGATIVE
test/001761.mp4,1,0,0.0176260937005281,DEEPFAKE,REAL,1,0,test/001761.mp4,test/001761.mp4,test,1,0,1,1,5.056,123,1,78848,test/001758.mp4,"[[2.8, 3.384]]",False,FALSE_NEGATIVE
test/001753.mp4,1,0,0.0142669240012764,DEEPFAKE,REAL,1,0,test/001753.mp4,test/001753.mp4,test,1,0,1,1,5.568,136,1,87040,test/001750.mp4,"[[0.8, 1.464]]",False,FALSE_NEGATIVE
test/001777.mp4,1,0,0.1558629721403122,DEEPFAKE,REAL,1,0,test/001777.mp4,test/001777.mp4,test,1,1,0,1,4.928,121,1,76800,test/001775.mp4,"[[1.7, 1.9]]",False,FALSE_NEGATIVE
test/001842.mp4,1,0,0.0818104594945907,DEEPFAKE,REAL,1,0,test/001842.mp4,test/001842.mp4,test,1,1,0,1,7.232,178,1,113664,test/001840.mp4,"[[2.3, 2.78]]",False,FALSE_NEGATIVE
test/002298.mp4,1,0,0.0822856500744819,DEEPFAKE,REAL,1,0,test/002298.mp4,test/002298.mp4,test,1,1,0,1,4.352,104,1,67584,test/002296.mp4,"[[0.5, 0.964]]",False,FALSE_NEGATIVE
test/002291.mp4,1,0,0.3142774701118469,DEEPFAKE,REAL,1,0,test/002291.mp4,test/002291.mp4,test,1,0,1,1,4.48,110,1,69632,test/002288.mp4,"[[2.9, 3.324]]",False,FALSE_NEGATIVE
test/002309.mp4,1,0,0.0928681492805481,DEEPFAKE,REAL,1,0,test/002309.mp4,test/002309.mp4,test,1,1,1,1,5.44,132,1,84992,test/002308.mp4,"[[1.1, 1.914]]",False,FALSE_NEGATIVE
test/002315.mp4,1,0,0.0615758635103702,DEEPFAKE,REAL,1,0,test/002315.mp4,test/002315.mp4,test,1,1,0,1,5.056,124,1,78848,test/002313.mp4,"[[1.1, 1.3]]",False,FALSE_NEGATIVE
test/002682.mp4,1,0,0.0160297192633152,DEEPFAKE,REAL,1,0,test/002682.mp4,test/002682.mp4,test,1,1,0,1,4.224,103,1,65536,test/002680.mp4,"[[0.5, 0.9]]",False,FALSE_NEGATIVE
test/002843.mp4,1,0,0.0407558977603912,DEEPFAKE,REAL,1,0,test/002843.mp4,test/002843.mp4,test,1,1,0,1,7.488,185,1,117760,test/002841.mp4,"[[3.5, 3.9]]",False,FALSE_NEGATIVE
test/002860.mp4,1,0,0.2777192294597626,DEEPFAKE,REAL,1,0,test/002860.mp4,test/002860.mp4,test,1,0,1,1,11.584,287,1,183296,test/002857.mp4,"[[1.6, 2.664]]",False,FALSE_NEGATIVE
test/002866.mp4,1,0,0.3678404986858368,DEEPFAKE,REAL,1,0,test/002866.mp4,test/002866.mp4,test,1,1,0,1,6.976,171,1,109568,test/002864.mp4,"[[3.7, 4.264]]",False,FALSE_NEGATIVE
test/002862.mp4,1,0,0.0325852818787097,DEEPFAKE,REAL,1,0,test/002862.mp4,test/002862.mp4,test,1,1,0,1,11.392,282,1,180224,test/002857.mp4,"[[1.6, 2.164]]",False,FALSE_NEGATIVE
test/002867.mp4,1,0,0.0876388028264045,DEEPFAKE,REAL,1,0,test/002867.mp4,test/002867.mp4,test,1,0,1,1,7.04,173,1,110592,test/002864.mp4,"[[3.7, 4.404]]",False,FALSE_NEGATIVE
test/002870.mp4,1,0,0.2507349550724029,DEEPFAKE,REAL,1,0,test/002870.mp4,test/002870.mp4,test,1,1,1,1,6.72,164,1,105472,test/002869.mp4,"[[2.8, 3.464]]",False,FALSE_NEGATIVE
test/002871.mp4,1,0,0.1795980930328369,DEEPFAKE,REAL,1,0,test/002871.mp4,test/002871.mp4,test,1,1,0,1,6.4,157,1,100352,test/002869.mp4,"[[2.8, 3.164]]",False,FALSE_NEGATIVE
test/002872.mp4,1,0,0.3259172439575195,DEEPFAKE,REAL,1,0,test/002872.mp4,test/002872.mp4,test,1,0,1,1,6.72,164,1,105472,test/002869.mp4,"[[2.8, 3.464]]",False,FALSE_NEGATIVE
test/002880.mp4,1,0,0.0268040746450424,DEEPFAKE,REAL,1,0,test/002880.mp4,test/002880.mp4,test,1,1,1,1,7.936,195,1,124928,test/002879.mp4,"[[0.9, 2.194]]",False,FALSE_NEGATIVE
test/002882.mp4,1,0,0.1104798465967178,DEEPFAKE,REAL,1,0,test/002882.mp4,test/002882.mp4,test,1,0,1,1,7.936,195,1,124928,test/002879.mp4,"[[0.9, 2.194]]",False,FALSE_NEGATIVE
test/002842.mp4,1,0,0.0413105264306068,DEEPFAKE,REAL,1,0,test/002842.mp4,test/002842.mp4,test,1,1,1,1,7.872,194,1,123904,test/002841.mp4,"[[3.5, 4.314]]",False,FALSE_NEGATIVE
test/002884.mp4,1,0,0.0682093575596809,DEEPFAKE,REAL,1,0,test/002884.mp4,test/002884.mp4,test,1,1,1,2,19.712,490,1,313344,test/002883.mp4,"[[17.9, 18.744], [1.2, 1.894]]",False,FALSE_NEGATIVE
test/002894.mp4,1,0,0.019819414243102,DEEPFAKE,REAL,1,0,test/002894.mp4,test/002894.mp4,test,1,1,1,1,13.504,335,1,214016,test/002890.mp4,"[[11.2, 12.494]]",False,FALSE_NEGATIVE
test/002893.mp4,1,0,0.0909172371029853,DEEPFAKE,REAL,1,0,test/002893.mp4,test/002893.mp4,test,1,0,1,2,13.568,336,1,215040,test/002890.mp4,"[[11.2, 11.784], [6.8, 7.64]]",False,FALSE_NEGATIVE
test/002905.mp4,1,0,0.0042800917290151,DEEPFAKE,REAL,1,0,test/002905.mp4,test/002905.mp4,test,1,1,1,1,9.792,242,1,154624,test/002904.mp4,"[[1.5, 2.614]]",False,FALSE_NEGATIVE
test/002896.mp4,1,0,0.0038025462999939,DEEPFAKE,REAL,1,0,test/002896.mp4,test/002896.mp4,test,1,0,1,1,13.504,335,1,214016,test/002890.mp4,"[[11.2, 12.494]]",False,FALSE_NEGATIVE
test/002899.mp4,1,0,0.0078027131967246,DEEPFAKE,REAL,1,0,test/002899.mp4,test/002899.mp4,test,1,1,0,2,13.12,324,1,207872,test/002897.mp4,"[[2.3, 2.7], [0.4, 0.68]]",False,FALSE_NEGATIVE
test/002912.mp4,1,0,0.1215195134282112,DEEPFAKE,REAL,1,0,test/002912.mp4,test/002912.mp4,test,1,0,1,1,4.864,117,1,75776,test/002909.mp4,"[[1.1, 1.724]]",False,FALSE_NEGATIVE
test/002910.mp4,1,0,0.0363578647375106,DEEPFAKE,REAL,1,0,test/002910.mp4,test/002910.mp4,test,1,1,1,1,4.864,117,1,75776,test/002909.mp4,"[[1.1, 1.734]]",False,FALSE_NEGATIVE
test/002911.mp4,1,0,0.210790753364563,DEEPFAKE,REAL,1,0,test/002911.mp4,test/002911.mp4,test,1,1,0,1,4.736,114,1,73728,test/002909.mp4,"[[1.1, 1.564]]",False,FALSE_NEGATIVE
test/002906.mp4,1,0,0.0069328676909208,DEEPFAKE,REAL,1,0,test/002906.mp4,test/002906.mp4,test,1,1,0,1,8.896,220,1,140288,test/002904.mp4,"[[1.5, 1.7]]",False,FALSE_NEGATIVE
test/002923.mp4,1,0,0.0446005091071128,DEEPFAKE,REAL,1,0,test/002923.mp4,test/002923.mp4,test,1,0,1,1,7.04,174,1,110592,test/002920.mp4,"[[1.7, 2.084]]",False,FALSE_NEGATIVE
test/002922.mp4,1,0,0.364124983549118,DEEPFAKE,REAL,1,0,test/002922.mp4,test/002922.mp4,test,1,1,0,1,6.912,171,1,108544,test/002920.mp4,"[[1.7, 1.9]]",False,FALSE_NEGATIVE
test/002914.mp4,1,0,0.1127518415451049,DEEPFAKE,REAL,1,0,test/002914.mp4,test/002914.mp4,test,1,1,1,2,13.248,328,1,209920,test/002913.mp4,"[[9.1, 10.424], [3.5, 4.494]]",False,FALSE_NEGATIVE
test/002931.mp4,1,0,0.00982875097543,DEEPFAKE,REAL,1,0,test/002931.mp4,test/002931.mp4,test,1,0,1,1,5.76,142,1,90112,test/002928.mp4,"[[3.5, 3.844]]",False,FALSE_NEGATIVE
test/002939.mp4,1,0,0.3773041367530823,DEEPFAKE,REAL,1,0,test/002939.mp4,test/002939.mp4,test,1,0,1,1,5.888,143,1,92160,test/002936.mp4,"[[2.5, 3.284]]",False,FALSE_NEGATIVE
test/002930.mp4,1,0,0.0839203670620918,DEEPFAKE,REAL,1,0,test/002930.mp4,test/002930.mp4,test,1,1,0,1,5.632,139,1,88064,test/002928.mp4,"[[3.5, 3.7]]",False,FALSE_NEGATIVE
test/002881.mp4,1,0,0.0918247178196907,DEEPFAKE,REAL,1,0,test/002881.mp4,test/002881.mp4,test,1,1,0,1,6.912,170,1,108544,test/002879.mp4,"[[0.9, 1.18]]",False,FALSE_NEGATIVE
test/002929.mp4,1,0,0.0005772188305854,DEEPFAKE,REAL,1,0,test/002929.mp4,test/002929.mp4,test,1,1,1,1,6.08,150,1,95232,test/002928.mp4,"[[3.5, 4.194]]",False,FALSE_NEGATIVE
test/003020.mp4,1,0,0.1547444462776184,DEEPFAKE,REAL,1,0,test/003020.mp4,test/003020.mp4,test,1,1,1,1,4.928,120,1,76800,test/003019.mp4,"[[1.2, 2.254]]",False,FALSE_NEGATIVE
test/003388.mp4,1,0,0.0162178594619035,DEEPFAKE,REAL,1,0,test/003388.mp4,test/003388.mp4,test,1,1,1,1,7.936,196,1,124928,test/003387.mp4,"[[3.2, 4.104]]",False,FALSE_NEGATIVE
test/003344.mp4,1,0,0.0738957300782203,DEEPFAKE,REAL,1,0,test/003344.mp4,test/003344.mp4,test,1,0,1,1,5.504,135,1,86016,test/003341.mp4,"[[0.2, 1.24]]",False,FALSE_NEGATIVE
test/003460.mp4,1,0,0.3212330639362335,DEEPFAKE,REAL,1,0,test/003460.mp4,test/003460.mp4,test,1,0,1,1,9.024,223,1,142336,test/003457.mp4,"[[5.4, 6.104]]",False,FALSE_NEGATIVE
test/005845.mp4,1,0,0.0877176448702812,DEEPFAKE,REAL,1,0,test/005845.mp4,test/005845.mp4,test,1,1,0,1,9.664,238,1,152576,test/005843.mp4,"[[3.2, 3.48]]",False,FALSE_NEGATIVE
test/005846.mp4,1,0,0.2643371820449829,DEEPFAKE,REAL,1,0,test/005846.mp4,test/005846.mp4,test,1,0,1,1,9.856,244,1,155648,test/005843.mp4,"[[3.2, 3.744]]",False,FALSE_NEGATIVE
test/005844.mp4,1,0,0.0157687906175851,DEEPFAKE,REAL,1,0,test/005844.mp4,test/005844.mp4,test,1,1,1,1,9.856,244,1,155648,test/005843.mp4,"[[3.2, 3.774]]",False,FALSE_NEGATIVE
test/005966.mp4,1,0,0.1935991495847702,DEEPFAKE,REAL,1,0,test/005966.mp4,test/005966.mp4,test,1,1,1,1,4.672,113,1,72704,test/005965.mp4,"[[1.7, 2.424]]",False,FALSE_NEGATIVE
test/005957.mp4,1,0,0.0032308704685419,DEEPFAKE,REAL,1,0,test/005957.mp4,test/005957.mp4,test,1,0,1,1,5.76,142,1,90112,test/005954.mp4,"[[2.2, 2.944]]",False,FALSE_NEGATIVE
test/005968.mp4,1,0,0.4330913424491882,DEEPFAKE,REAL,1,0,test/005968.mp4,test/005968.mp4,test,1,0,1,1,4.608,111,1,71680,test/005965.mp4,"[[1.7, 2.404]]",False,FALSE_NEGATIVE
test/005960.mp4,1,0,0.0854040756821632,DEEPFAKE,REAL,1,0,test/005960.mp4,test/005960.mp4,test,1,1,0,2,12.416,306,1,196608,test/005958.mp4,"[[5.2, 5.48], [0.3, 0.5]]",False,FALSE_NEGATIVE
test/005970.mp4,1,0,0.2850600779056549,DEEPFAKE,REAL,1,0,test/005970.mp4,test/005970.mp4,test,1,1,1,1,9.28,230,1,146432,test/005969.mp4,"[[7.0, 7.844]]",False,FALSE_NEGATIVE
test/005961.mp4,1,0,0.0681652799248695,DEEPFAKE,REAL,1,0,test/005961.mp4,test/005961.mp4,test,1,0,1,2,12.8,316,1,202752,test/005958.mp4,"[[5.2, 5.784], [0.3, 0.684]]",False,FALSE_NEGATIVE
test/005971.mp4,1,0,0.0012400049017742,DEEPFAKE,REAL,1,0,test/005971.mp4,test/005971.mp4,test,1,1,0,1,8.768,216,1,138240,test/005969.mp4,"[[7.0, 7.28]]",False,FALSE_NEGATIVE
test/005982.mp4,1,0,0.0073915375396609,DEEPFAKE,REAL,1,0,test/005982.mp4,test/005982.mp4,test,1,1,1,2,15.744,390,1,249856,test/005981.mp4,"[[11.5, 12.284], [5.2, 5.864]]",False,FALSE_NEGATIVE
test/005984.mp4,1,0,0.0541623681783676,DEEPFAKE,REAL,1,0,test/005984.mp4,test/005984.mp4,test,1,0,1,2,15.744,390,1,249856,test/005981.mp4,"[[11.5, 12.244], [5.2, 5.88]]",False,FALSE_NEGATIVE
test/005986.mp4,1,0,0.0057219993323087,DEEPFAKE,REAL,1,0,test/005986.mp4,test/005986.mp4,test,1,1,0,1,15.36,380,1,243712,test/005981.mp4,"[[11.5, 11.78]]",False,FALSE_NEGATIVE
test/005985.mp4,1,0,0.1194540113210678,DEEPFAKE,REAL,1,0,test/005985.mp4,test/005985.mp4,test,1,1,1,1,15.808,391,1,250880,test/005981.mp4,"[[11.5, 12.224]]",False,FALSE_NEGATIVE
test/005972.mp4,1,0,0.205974131822586,DEEPFAKE,REAL,1,0,test/005972.mp4,test/005972.mp4,test,1,0,1,1,9.216,228,1,145408,test/005969.mp4,"[[7.0, 7.824]]",False,FALSE_NEGATIVE
test/009620.mp4,1,0,0.0931417122483253,DEEPFAKE,REAL,1,0,test/009620.mp4,test/009620.mp4,test,1,1,0,1,4.864,119,1,75776,test/009618.mp4,"[[3.5, 3.9]]",False,FALSE_NEGATIVE
test/009705.mp4,1,0,0.198480412364006,DEEPFAKE,REAL,1,0,test/009705.mp4,test/009705.mp4,test,1,1,1,1,6.592,161,1,103424,test/009704.mp4,"[[5.4, 6.154]]",False,FALSE_NEGATIVE
test/009707.mp4,1,0,0.3741756379604339,DEEPFAKE,REAL,1,0,test/009707.mp4,test/009707.mp4,test,1,0,1,1,6.656,163,1,104448,test/009704.mp4,"[[5.4, 6.2]]",False,FALSE_NEGATIVE
test/009843.mp4,1,0,0.3329034149646759,DEEPFAKE,REAL,1,0,test/009843.mp4,test/009843.mp4,test,1,1,0,2,10.368,256,1,163840,test/009841.mp4,"[[1.2, 1.48], [3.18, 3.58]]",False,FALSE_NEGATIVE
test/009846.mp4,1,0,0.1491305828094482,DEEPFAKE,REAL,1,0,test/009846.mp4,test/009846.mp4,test,1,1,0,1,10.24,253,1,161792,test/009841.mp4,"[[1.2, 1.48]]",False,FALSE_NEGATIVE
test/009885.mp4,1,0,0.0071912952698767,DEEPFAKE,REAL,1,0,test/009885.mp4,test/009885.mp4,test,1,0,1,1,6.144,152,1,96256,test/009882.mp4,"[[4.5, 4.924]]",False,FALSE_NEGATIVE
test/009888.mp4,1,0,0.0574861876666545,DEEPFAKE,REAL,1,0,test/009888.mp4,test/009888.mp4,test,1,1,0,2,18.24,453,1,289792,test/009886.mp4,"[[3.8, 4.2], [6.4, 6.68]]",False,FALSE_NEGATIVE
test/009891.mp4,1,0,0.1537626087665558,DEEPFAKE,REAL,1,0,test/009891.mp4,test/009891.mp4,test,1,1,0,1,18.176,451,1,288768,test/009886.mp4,"[[3.8, 4.2]]",False,FALSE_NEGATIVE
test/009890.mp4,1,0,0.0460722595453262,DEEPFAKE,REAL,1,0,test/009890.mp4,test/009890.mp4,test,1,1,1,1,19.264,478,1,306176,test/009886.mp4,"[[3.8, 5.304]]",False,FALSE_NEGATIVE
test/012817.mp4,1,0,0.4170071184635162,DEEPFAKE,REAL,1,0,test/012817.mp4,test/012817.mp4,test,1,0,1,1,4.48,109,1,69632,test/012814.mp4,"[[1.2, 1.984]]",False,FALSE_NEGATIVE
test/021850.mp4,1,0,0.4676441550254822,DEEPFAKE,REAL,1,0,test/021850.mp4,test/021850.mp4,test,1,1,1,1,7.232,179,1,113664,test/021849.mp4,"[[2.1, 2.944]]",False,FALSE_NEGATIVE
test/021852.mp4,1,0,0.2959305942058563,DEEPFAKE,REAL,1,0,test/021852.mp4,test/021852.mp4,test,1,0,1,1,6.784,168,1,106496,test/021849.mp4,"[[2.1, 2.524]]",False,FALSE_NEGATIVE
test/021929.mp4,1,0,0.0273254048079252,DEEPFAKE,REAL,1,0,test/021929.mp4,test/021929.mp4,test,1,0,1,1,4.736,114,1,73728,test/021926.mp4,"[[1.1, 1.844]]",False,FALSE_NEGATIVE
test/022006.mp4,1,0,0.3623357713222503,DEEPFAKE,REAL,1,0,test/022006.mp4,test/022006.mp4,test,1,1,1,1,6.08,147,1,95232,test/022005.mp4,"[[2.0, 2.634]]",False,FALSE_NEGATIVE
test/022007.mp4,1,0,0.3255493342876434,DEEPFAKE,REAL,1,0,test/022007.mp4,test/022007.mp4,test,1,1,0,1,5.824,142,1,91136,test/022005.mp4,"[[2.0, 2.364]]",False,FALSE_NEGATIVE
test/022008.mp4,1,0,0.1643952280282974,DEEPFAKE,REAL,1,0,test/022008.mp4,test/022008.mp4,test,1,0,1,1,6.08,147,1,95232,test/022005.mp4,"[[2.0, 2.624]]",False,FALSE_NEGATIVE
test/022064.mp4,1,0,0.2619864046573639,DEEPFAKE,REAL,1,0,test/022064.mp4,test/022064.mp4,test,1,0,1,1,4.864,119,1,75776,test/022061.mp4,"[[1.9, 2.684]]",False,FALSE_NEGATIVE
test/022082.mp4,1,0,0.1541321277618408,DEEPFAKE,REAL,1,0,test/022082.mp4,test/022082.mp4,test,1,1,1,1,4.672,112,1,72704,test/022081.mp4,"[[0.8, 1.494]]",False,FALSE_NEGATIVE
test/022106.mp4,1,0,0.0012056090636178,DEEPFAKE,REAL,1,0,test/022106.mp4,test/022106.mp4,test,1,0,1,1,4.864,120,1,75776,test/022103.mp4,"[[2.2, 2.944]]",False,FALSE_NEGATIVE
test/022104.mp4,1,0,0.0011442389804869,DEEPFAKE,REAL,1,0,test/022104.mp4,test/022104.mp4,test,1,1,1,1,4.864,120,1,75776,test/022103.mp4,"[[2.2, 2.954]]",False,FALSE_NEGATIVE
test/022105.mp4,1,0,0.0404785759747028,DEEPFAKE,REAL,1,0,test/022105.mp4,test/022105.mp4,test,1,1,0,1,4.48,109,1,69632,test/022103.mp4,"[[2.2, 2.48]]",False,FALSE_NEGATIVE
test/022126.mp4,1,0,0.0163774415850639,DEEPFAKE,REAL,1,0,test/022126.mp4,test/022126.mp4,test,1,1,0,1,15.744,390,1,249856,test/022121.mp4,"[[12.3, 12.58]]",False,FALSE_NEGATIVE
test/022169.mp4,1,0,0.3005897104740143,DEEPFAKE,REAL,1,0,test/022169.mp4,test/022169.mp4,test,1,1,1,1,8.896,220,1,140288,test/022168.mp4,"[[2.1, 2.824]]",False,FALSE_NEGATIVE
test/022170.mp4,1,0,0.0810784175992012,DEEPFAKE,REAL,1,0,test/022170.mp4,test/022170.mp4,test,1,1,0,1,8.576,212,1,135168,test/022168.mp4,"[[2.1, 2.5]]",False,FALSE_NEGATIVE
test/022171.mp4,1,0,0.0590211078524589,DEEPFAKE,REAL,1,0,test/022171.mp4,test/022171.mp4,test,1,0,1,1,8.768,216,1,138240,test/022168.mp4,"[[2.1, 2.724]]",False,FALSE_NEGATIVE
test/022122.mp4,1,0,0.3822172284126282,DEEPFAKE,REAL,1,0,test/022122.mp4,test/022122.mp4,test,1,1,1,2,16.32,404,1,259072,test/022121.mp4,"[[12.3, 12.994], [4.0, 4.724]]",False,FALSE_NEGATIVE
test/022175.mp4,1,0,0.0830708444118499,DEEPFAKE,REAL,1,0,test/022175.mp4,test/022175.mp4,test,1,0,1,1,6.4,156,1,100352,test/022172.mp4,"[[3.9, 4.594]]",False,FALSE_NEGATIVE
test/022178.mp4,1,0,0.0038890831638127,DEEPFAKE,REAL,1,0,test/022178.mp4,test/022178.mp4,test,1,1,1,1,10.048,249,1,158720,test/022177.mp4,"[[0.7, 1.424]]",False,FALSE_NEGATIVE
test/022127.mp4,1,0,0.0527441650629043,DEEPFAKE,REAL,1,0,test/022127.mp4,test/022127.mp4,test,1,0,1,1,16.192,401,1,257024,test/022121.mp4,"[[12.3, 13.044]]",False,FALSE_NEGATIVE
test/022179.mp4,1,0,0.0017156001413241,DEEPFAKE,REAL,1,0,test/022179.mp4,test/022179.mp4,test,1,1,0,1,10.048,249,1,158720,test/022177.mp4,"[[0.7, 1.464]]",False,FALSE_NEGATIVE
test/022184.mp4,1,0,0.3297739624977112,DEEPFAKE,REAL,1,0,test/022184.mp4,test/022184.mp4,test,1,0,1,1,8.0,195,1,125952,test/022181.mp4,"[[1.4, 2.004]]",False,FALSE_NEGATIVE
test/022187.mp4,1,0,0.1959519386291504,DEEPFAKE,REAL,1,0,test/022187.mp4,test/022187.mp4,test,1,1,1,1,5.056,124,1,78848,test/022186.mp4,"[[2.6, 3.534]]",False,FALSE_NEGATIVE
test/022189.mp4,1,0,0.0028021337930113,DEEPFAKE,REAL,1,0,test/022189.mp4,test/022189.mp4,test,1,0,1,1,5.056,124,1,78848,test/022186.mp4,"[[2.6, 3.504]]",False,FALSE_NEGATIVE
test/022418.mp4,1,0,0.0129300048574805,DEEPFAKE,REAL,1,0,test/022418.mp4,test/022418.mp4,test,1,1,1,1,6.08,149,1,95232,test/022417.mp4,"[[4.4, 5.244]]",False,FALSE_NEGATIVE
test/022420.mp4,1,0,0.0243514701724052,DEEPFAKE,REAL,1,0,test/022420.mp4,test/022420.mp4,test,1,0,1,1,6.08,149,1,95232,test/022417.mp4,"[[4.4, 5.244]]",False,FALSE_NEGATIVE
test/022419.mp4,1,0,0.0446567758917808,DEEPFAKE,REAL,1,0,test/022419.mp4,test/022419.mp4,test,1,1,0,1,5.632,138,1,88064,test/022417.mp4,"[[4.4, 4.8]]",False,FALSE_NEGATIVE
test/022423.mp4,1,0,0.0059641548432409,DEEPFAKE,REAL,1,0,test/022423.mp4,test/022423.mp4,test,1,1,0,1,10.048,248,1,158720,test/022421.mp4,"[[6.0, 6.4]]",False,FALSE_NEGATIVE
test/022422.mp4,1,0,0.0005593144451268,DEEPFAKE,REAL,1,0,test/022422.mp4,test/022422.mp4,test,1,1,1,1,10.496,259,1,165888,test/022421.mp4,"[[6.0, 6.844]]",False,FALSE_NEGATIVE
test/022424.mp4,1,0,0.0050778756849467,DEEPFAKE,REAL,1,0,test/022424.mp4,test/022424.mp4,test,1,0,1,1,10.496,259,1,165888,test/022421.mp4,"[[6.0, 6.844]]",False,FALSE_NEGATIVE
test/022428.mp4,1,0,0.0081405444070696,DEEPFAKE,REAL,1,0,test/022428.mp4,test/022428.mp4,test,1,0,1,1,7.488,184,1,117760,test/022425.mp4,"[[0.6, 1.304]]",False,FALSE_NEGATIVE
test/022413.mp4,1,0,0.0830742344260215,DEEPFAKE,REAL,1,0,test/022413.mp4,test/022413.mp4,test,1,0,1,2,10.816,267,1,171008,test/022410.mp4,"[[2.0, 2.624], [0.7, 1.244]]",False,FALSE_NEGATIVE
test/022414.mp4,1,0,0.0590327344834804,DEEPFAKE,REAL,1,0,test/022414.mp4,test/022414.mp4,test,1,1,1,1,10.688,265,1,168960,test/022410.mp4,"[[2.0, 2.514]]",False,FALSE_NEGATIVE
test/022411.mp4,1,0,0.0127127338200807,DEEPFAKE,REAL,1,0,test/022411.mp4,test/022411.mp4,test,1,1,1,2,10.88,269,1,172032,test/022410.mp4,"[[2.0, 2.664], [0.7, 1.274]]",False,FALSE_NEGATIVE
test/022506.mp4,1,0,0.1478291302919387,DEEPFAKE,REAL,1,0,test/022506.mp4,test/022506.mp4,test,1,1,0,1,4.16,101,1,64512,test/022504.mp4,"[[2.9, 3.38]]",False,FALSE_NEGATIVE
test/022608.mp4,1,0,0.226620927453041,DEEPFAKE,REAL,1,0,test/022608.mp4,test/022608.mp4,test,1,1,0,2,14.528,359,1,230400,test/022606.mp4,"[[6.1, 6.5], [2.3, 2.58]]",False,FALSE_NEGATIVE
test/022759.mp4,1,0,0.3693555891513824,DEEPFAKE,REAL,1,0,test/022759.mp4,test/022759.mp4,test,1,0,1,1,6.336,156,1,99328,test/022756.mp4,"[[0.5, 0.804]]",False,FALSE_NEGATIVE
test/022804.mp4,1,0,0.0567531436681747,DEEPFAKE,REAL,1,0,test/022804.mp4,test/022804.mp4,test,1,1,0,2,12.736,316,1,201728,test/022802.mp4,"[[9.1, 9.58], [1.4, 1.68]]",False,FALSE_NEGATIVE
test/022833.mp4,1,0,0.3151743710041046,DEEPFAKE,REAL,1,0,test/022833.mp4,test/022833.mp4,test,1,0,1,1,3.968,96,1,61440,test/022830.mp4,"[[0.4, 1.0]]",False,FALSE_NEGATIVE
test/022841.mp4,1,0,0.4146153628826141,DEEPFAKE,REAL,1,0,test/022841.mp4,test/022841.mp4,test,1,0,1,1,4.48,109,1,69632,test/022838.mp4,"[[2.7, 3.404]]",False,FALSE_NEGATIVE
test/026533.mp4,1,0,0.4532256126403808,DEEPFAKE,REAL,1,0,test/026533.mp4,test/026533.mp4,test,1,1,1,1,6.208,153,1,97280,test/026532.mp4,"[[4.8, 5.374]]",False,FALSE_NEGATIVE
test/026542.mp4,1,0,0.1746183931827545,DEEPFAKE,REAL,1,0,test/026542.mp4,test/026542.mp4,test,1,1,0,2,18.752,465,1,297984,test/026540.mp4,"[[9.0, 9.2], [15.6, 15.88]]",False,FALSE_NEGATIVE
test/026545.mp4,1,0,0.0291828587651252,DEEPFAKE,REAL,1,0,test/026545.mp4,test/026545.mp4,test,1,1,0,1,18.688,463,1,296960,test/026540.mp4,"[[9.0, 9.2]]",False,FALSE_NEGATIVE
test/026572.mp4,1,0,0.0049386979080736,DEEPFAKE,REAL,1,0,test/026572.mp4,test/026572.mp4,test,1,1,0,1,12.992,322,1,205824,test/026567.mp4,"[[2.0, 2.28]]",False,FALSE_NEGATIVE
test/026614.mp4,1,0,0.0014079033862799,DEEPFAKE,REAL,1,0,test/026614.mp4,test/026614.mp4,test,1,1,1,1,8.064,199,1,126976,test/026613.mp4,"[[0.1, 1.094]]",False,FALSE_NEGATIVE
test/026612.mp4,1,0,0.0337319374084472,DEEPFAKE,REAL,1,0,test/026612.mp4,test/026612.mp4,test,1,0,1,1,11.136,274,1,176128,test/026606.mp4,"[[0.9, 1.484]]",False,FALSE_NEGATIVE
test/026622.mp4,1,0,0.1653984040021896,DEEPFAKE,REAL,1,0,test/026622.mp4,test/026622.mp4,test,1,1,1,1,5.312,131,1,82944,test/026621.mp4,"[[1.1, 1.974]]",False,FALSE_NEGATIVE
test/026624.mp4,1,0,0.0028072337154299,DEEPFAKE,REAL,1,0,test/026624.mp4,test/026624.mp4,test,1,0,1,1,4.864,120,1,75776,test/026621.mp4,"[[1.1, 1.524]]",False,FALSE_NEGATIVE
test/026629.mp4,1,0,0.3863609433174133,DEEPFAKE,REAL,1,0,test/026629.mp4,test/026629.mp4,test,1,1,1,1,13.888,345,1,220160,test/026625.mp4,"[[9.8, 10.494]]",False,FALSE_NEGATIVE
test/026633.mp4,1,0,0.0143450526520609,DEEPFAKE,REAL,1,0,test/026633.mp4,test/026633.mp4,test,1,1,1,1,5.184,127,1,80896,test/026632.mp4,"[[1.4, 2.244]]",False,FALSE_NEGATIVE
test/026618.mp4,1,0,0.0762936249375343,DEEPFAKE,REAL,1,0,test/026618.mp4,test/026618.mp4,test,1,1,1,1,5.504,135,1,86016,test/026617.mp4,"[[3.5, 4.194]]",False,FALSE_NEGATIVE
test/026656.mp4,1,0,0.0447122864425182,DEEPFAKE,REAL,1,0,test/026656.mp4,test/026656.mp4,test,1,1,1,1,6.848,168,1,107520,test/026655.mp4,"[[4.9, 5.684]]",False,FALSE_NEGATIVE
test/026657.mp4,1,0,0.0055888015776872,DEEPFAKE,REAL,1,0,test/026657.mp4,test/026657.mp4,test,1,1,0,1,6.272,154,1,98304,test/026655.mp4,"[[4.9, 5.1]]",False,FALSE_NEGATIVE
test/026658.mp4,1,0,0.0026008540298789,DEEPFAKE,REAL,1,0,test/026658.mp4,test/026658.mp4,test,1,0,1,1,6.4,157,1,100352,test/026655.mp4,"[[4.9, 5.284]]",False,FALSE_NEGATIVE
test/026662.mp4,1,0,0.0262209568172693,DEEPFAKE,REAL,1,0,test/026662.mp4,test/026662.mp4,test,1,0,1,1,8.256,203,1,130048,test/026659.mp4,"[[2.7, 3.484]]",False,FALSE_NEGATIVE
test/026660.mp4,1,0,0.0488196983933448,DEEPFAKE,REAL,1,0,test/026660.mp4,test/026660.mp4,test,1,1,1,1,8.256,203,1,130048,test/026659.mp4,"[[2.7, 3.484]]",False,FALSE_NEGATIVE
test/026661.mp4,1,0,0.0077285538427531,DEEPFAKE,REAL,1,0,test/026661.mp4,test/026661.mp4,test,1,1,0,1,8.128,200,1,128000,test/026659.mp4,"[[2.7, 3.364]]",False,FALSE_NEGATIVE
test/026665.mp4,1,0,0.1145281791687011,DEEPFAKE,REAL,1,0,test/026665.mp4,test/026665.mp4,test,1,1,0,1,6.976,171,1,109568,test/026663.mp4,"[[4.1, 4.464]]",False,FALSE_NEGATIVE
test/026669.mp4,1,0,0.0017713188426569,DEEPFAKE,REAL,1,0,test/026669.mp4,test/026669.mp4,test,1,1,0,1,5.376,131,1,83968,test/026667.mp4,"[[1.5, 2.464]]",False,FALSE_NEGATIVE
test/026668.mp4,1,0,0.0178721100091934,DEEPFAKE,REAL,1,0,test/026668.mp4,test/026668.mp4,test,1,1,1,1,5.312,129,1,82944,test/026667.mp4,"[[1.5, 2.404]]",False,FALSE_NEGATIVE
test/026670.mp4,1,0,0.0558066070079803,DEEPFAKE,REAL,1,0,test/026670.mp4,test/026670.mp4,test,1,0,1,1,5.312,129,1,82944,test/026667.mp4,"[[1.5, 2.404]]",False,FALSE_NEGATIVE
test/026674.mp4,1,0,0.0302478428930044,DEEPFAKE,REAL,1,0,test/026674.mp4,test/026674.mp4,test,1,0,1,1,7.232,177,1,113664,test/026671.mp4,"[[3.0, 3.814]]",False,FALSE_NEGATIVE
test/026627.mp4,1,0,0.0577490851283073,DEEPFAKE,REAL,1,0,test/026627.mp4,test/026627.mp4,test,1,1,0,2,13.632,339,1,216064,test/026625.mp4,"[[9.8, 10.08], [0.4, 0.8]]",False,FALSE_NEGATIVE
test/026672.mp4,1,0,0.0035910184960812,DEEPFAKE,REAL,1,0,test/026672.mp4,test/026672.mp4,test,1,1,1,1,7.232,176,1,113664,test/026671.mp4,"[[3.0, 3.814]]",False,FALSE_NEGATIVE
test/026673.mp4,1,0,0.2024171203374862,DEEPFAKE,REAL,1,0,test/026673.mp4,test/026673.mp4,test,1,1,0,1,6.848,167,1,107520,test/026671.mp4,"[[3.0, 3.4]]",False,FALSE_NEGATIVE
test/026688.mp4,1,0,0.0307081714272499,DEEPFAKE,REAL,1,0,test/026688.mp4,test/026688.mp4,test,1,1,1,1,9.024,223,1,142336,test/026687.mp4,"[[4.3, 4.904]]",False,FALSE_NEGATIVE
test/026690.mp4,1,0,0.1702785491943359,DEEPFAKE,REAL,1,0,test/026690.mp4,test/026690.mp4,test,1,0,1,1,9.088,224,1,143360,test/026687.mp4,"[[4.3, 4.904]]",False,FALSE_NEGATIVE
test/026740.mp4,1,0,0.0590517967939376,DEEPFAKE,REAL,1,0,test/026740.mp4,test/026740.mp4,test,1,1,1,2,12.16,301,1,192512,test/026739.mp4,"[[9.7, 10.484], [2.1, 3.064]]",False,FALSE_NEGATIVE
test/026743.mp4,1,0,0.4495012760162353,DEEPFAKE,REAL,1,0,test/026743.mp4,test/026743.mp4,test,1,1,1,1,11.392,282,1,180224,test/026739.mp4,"[[9.7, 10.484]]",False,FALSE_NEGATIVE
test/026744.mp4,1,0,0.4045548439025879,DEEPFAKE,REAL,1,0,test/026744.mp4,test/026744.mp4,test,1,1,0,1,10.816,268,1,171008,test/026739.mp4,"[[9.7, 9.9]]",False,FALSE_NEGATIVE
test/026816.mp4,1,0,7.884051592554897e-05,DEEPFAKE,REAL,1,0,test/026816.mp4,test/026816.mp4,test,1,1,0,1,5.184,127,1,80896,test/026814.mp4,"[[3.9, 4.1]]",False,FALSE_NEGATIVE
test/026834.mp4,1,0,0.0624301321804523,DEEPFAKE,REAL,1,0,test/026834.mp4,test/026834.mp4,test,1,1,1,1,5.184,125,1,80896,test/026833.mp4,"[[0.5, 0.954]]",False,FALSE_NEGATIVE
test/026817.mp4,1,0,0.0090345656499266,DEEPFAKE,REAL,1,0,test/026817.mp4,test/026817.mp4,test,1,0,1,1,5.312,130,1,82944,test/026814.mp4,"[[3.9, 4.244]]",False,FALSE_NEGATIVE
test/026815.mp4,1,0,0.0003816595417447,DEEPFAKE,REAL,1,0,test/026815.mp4,test/026815.mp4,test,1,1,1,1,5.632,138,1,88064,test/026814.mp4,"[[3.9, 4.594]]",False,FALSE_NEGATIVE
test/026836.mp4,1,0,0.0021438023541122,DEEPFAKE,REAL,1,0,test/026836.mp4,test/026836.mp4,test,1,0,1,1,5.184,125,1,80896,test/026833.mp4,"[[0.5, 0.954]]",False,FALSE_NEGATIVE
test/026899.mp4,1,0,0.4618729650974273,DEEPFAKE,REAL,1,0,test/026899.mp4,test/026899.mp4,test,1,0,1,1,5.12,125,1,79872,test/026896.mp4,"[[0.8, 1.384]]",False,FALSE_NEGATIVE
test/026933.mp4,1,0,0.4795223772525787,DEEPFAKE,REAL,1,0,test/026933.mp4,test/026933.mp4,test,1,1,1,2,19.456,484,1,309248,test/026932.mp4,"[[16.8, 17.314], [0.2, 0.804]]",False,FALSE_NEGATIVE
test/026894.mp4,1,0,0.0816031321883201,DEEPFAKE,REAL,1,0,test/026894.mp4,test/026894.mp4,test,1,1,0,1,6.272,154,1,98304,test/026892.mp4,"[[4.4, 4.68]]",False,FALSE_NEGATIVE
test/026938.mp4,1,0,0.2074204832315445,DEEPFAKE,REAL,1,0,test/026938.mp4,test/026938.mp4,test,1,0,1,1,19.328,480,1,307200,test/026932.mp4,"[[16.8, 17.504]]",False,FALSE_NEGATIVE
test/026972.mp4,1,0,0.4432316422462463,DEEPFAKE,REAL,1,0,test/026972.mp4,test/026972.mp4,test,1,0,1,1,5.312,130,1,82944,test/026969.mp4,"[[0.3, 0.764]]",False,FALSE_NEGATIVE
test/027001.mp4,1,0,0.1026526689529419,DEEPFAKE,REAL,1,0,test/027001.mp4,test/027001.mp4,test,1,1,0,1,11.968,295,1,189440,test/026996.mp4,"[[0.6, 1.0]]",False,FALSE_NEGATIVE
test/027015.mp4,1,0,0.0253564473241567,DEEPFAKE,REAL,1,0,test/027015.mp4,test/027015.mp4,test,1,1,1,1,8.512,210,1,134144,test/027014.mp4,"[[6.7, 7.784]]",False,FALSE_NEGATIVE
test/027013.mp4,1,0,0.4708560109138489,DEEPFAKE,REAL,1,0,test/027013.mp4,test/027013.mp4,test,1,0,1,1,15.04,373,1,238592,test/027007.mp4,"[[8.0, 8.694]]",False,FALSE_NEGATIVE
test/027025.mp4,1,0,0.0066273766569793,DEEPFAKE,REAL,1,0,test/027025.mp4,test/027025.mp4,test,1,0,1,1,4.48,109,1,69632,test/027022.mp4,"[[0.6, 1.324]]",False,FALSE_NEGATIVE
test/027024.mp4,1,0,0.0639570131897926,DEEPFAKE,REAL,1,0,test/027024.mp4,test/027024.mp4,test,1,1,0,1,4.16,101,1,64512,test/027022.mp4,"[[0.6, 1.0]]",False,FALSE_NEGATIVE
test/026995.mp4,1,0,0.1227209940552711,DEEPFAKE,REAL,1,0,test/026995.mp4,test/026995.mp4,test,1,0,1,1,5.568,137,1,87040,test/026992.mp4,"[[0.8, 1.784]]",False,FALSE_NEGATIVE
test/027017.mp4,1,0,0.0375991240143775,DEEPFAKE,REAL,1,0,test/027017.mp4,test/027017.mp4,test,1,0,1,1,8.512,210,1,134144,test/027014.mp4,"[[6.7, 7.764]]",False,FALSE_NEGATIVE
test/027080.mp4,1,0,0.2599280476570129,DEEPFAKE,REAL,1,0,test/027080.mp4,test/027080.mp4,test,1,1,1,1,17.344,429,1,275456,test/027076.mp4,"[[0.9, 1.684]]",False,FALSE_NEGATIVE
test/027096.mp4,1,0,0.1375671923160553,DEEPFAKE,REAL,1,0,test/027096.mp4,test/027096.mp4,test,1,1,0,2,12.992,322,1,205824,test/027094.mp4,"[[7.4, 7.6], [1.9, 2.564]]",False,FALSE_NEGATIVE
test/027112.mp4,1,0,0.0090218735858798,DEEPFAKE,REAL,1,0,test/027112.mp4,test/027112.mp4,test,1,0,1,1,6.848,167,1,107520,test/027109.mp4,"[[3.0, 3.84]]",False,FALSE_NEGATIVE
test/027115.mp4,1,0,0.2707079946994781,DEEPFAKE,REAL,1,0,test/027115.mp4,test/027115.mp4,test,1,1,1,1,7.808,191,1,122880,test/027114.mp4,"[[4.9, 5.834]]",False,FALSE_NEGATIVE
test/027110.mp4,1,0,0.0117065450176596,DEEPFAKE,REAL,1,0,test/027110.mp4,test/027110.mp4,test,1,1,1,1,6.784,165,1,106496,test/027109.mp4,"[[3.0, 3.784]]",False,FALSE_NEGATIVE
test/027120.mp4,1,0,0.0014602141454815,DEEPFAKE,REAL,1,0,test/027120.mp4,test/027120.mp4,test,1,1,0,1,6.016,147,1,94208,test/027118.mp4,"[[0.5, 1.264]]",False,FALSE_NEGATIVE
test/027129.mp4,1,0,0.0709259882569313,DEEPFAKE,REAL,1,0,test/027129.mp4,test/027129.mp4,test,1,0,1,1,6.016,148,1,94208,test/027126.mp4,"[[3.8, 4.544]]",False,FALSE_NEGATIVE
test/027128.mp4,1,0,0.0381707251071929,DEEPFAKE,REAL,1,0,test/027128.mp4,test/027128.mp4,test,1,1,0,1,5.632,137,1,88064,test/027126.mp4,"[[3.8, 4.08]]",False,FALSE_NEGATIVE
test/027133.mp4,1,0,0.2526962757110595,DEEPFAKE,REAL,1,0,test/027133.mp4,test/027133.mp4,test,1,0,1,1,5.952,146,1,93184,test/027130.mp4,"[[1.4, 2.864]]",False,FALSE_NEGATIVE
test/027136.mp4,1,0,0.2381986528635025,DEEPFAKE,REAL,1,0,test/027136.mp4,test/027136.mp4,test,1,1,0,1,4.608,112,1,71680,test/027134.mp4,"[[0.9, 1.564]]",False,FALSE_NEGATIVE
test/027137.mp4,1,0,0.1357146054506302,DEEPFAKE,REAL,1,0,test/027137.mp4,test/027137.mp4,test,1,0,1,1,4.544,110,1,70656,test/027134.mp4,"[[0.9, 1.474]]",False,FALSE_NEGATIVE
test/027146.mp4,1,0,0.0270728841423988,DEEPFAKE,REAL,1,0,test/027146.mp4,test/027146.mp4,test,1,0,1,1,4.48,110,1,69632,test/027143.mp4,"[[1.8, 2.664]]",False,FALSE_NEGATIVE
test/027149.mp4,1,0,0.0481503643095493,DEEPFAKE,REAL,1,0,test/027149.mp4,test/027149.mp4,test,1,1,0,2,11.776,290,1,186368,test/027147.mp4,"[[4.0, 4.4], [5.4, 5.6]]",False,FALSE_NEGATIVE
test/027148.mp4,1,0,0.1197962313890457,DEEPFAKE,REAL,1,0,test/027148.mp4,test/027148.mp4,test,1,1,1,2,13.44,333,1,212992,test/027147.mp4,"[[4.0, 4.844], [5.844, 7.318]]",False,FALSE_NEGATIVE
test/027150.mp4,1,0,0.0190308839082717,DEEPFAKE,REAL,1,0,test/027150.mp4,test/027150.mp4,test,1,0,1,2,12.608,312,1,199680,test/027147.mp4,"[[4.0, 4.844], [5.844, 6.508]]",False,FALSE_NEGATIVE
test/027151.mp4,1,0,0.3342433869838714,DEEPFAKE,REAL,1,0,test/027151.mp4,test/027151.mp4,test,1,1,1,1,11.968,295,1,189440,test/027147.mp4,"[[4.0, 4.754]]",False,FALSE_NEGATIVE
test/027093.mp4,1,0,0.3197580575942993,DEEPFAKE,REAL,1,0,test/027093.mp4,test/027093.mp4,test,1,0,1,1,8.896,218,1,140288,test/027090.mp4,"[[5.5, 6.084]]",False,FALSE_NEGATIVE
test/027156.mp4,1,0,0.0080768316984176,DEEPFAKE,REAL,1,0,test/027156.mp4,test/027156.mp4,test,1,1,0,1,5.888,143,1,92160,test/027154.mp4,"[[2.1, 2.38]]",False,FALSE_NEGATIVE
test/027153.mp4,1,0,0.0289360210299491,DEEPFAKE,REAL,1,0,test/027153.mp4,test/027153.mp4,test,1,0,1,1,11.968,295,1,189440,test/027147.mp4,"[[4.0, 4.744]]",False,FALSE_NEGATIVE
test/027152.mp4,1,0,0.1648915112018585,DEEPFAKE,REAL,1,0,test/027152.mp4,test/027152.mp4,test,1,1,0,1,11.648,287,1,184320,test/027147.mp4,"[[4.0, 4.4]]",False,FALSE_NEGATIVE
test/027123.mp4,1,0,0.0284720063209533,DEEPFAKE,REAL,1,0,test/027123.mp4,test/027123.mp4,test,1,1,1,1,5.568,137,1,87040,test/027122.mp4,"[[3.2, 3.924]]",False,FALSE_NEGATIVE
test/027160.mp4,1,0,0.1764162480831146,DEEPFAKE,REAL,1,0,test/027160.mp4,test/027160.mp4,test,1,1,0,1,5.12,125,1,79872,test/027158.mp4,"[[3.6, 3.8]]",False,FALSE_NEGATIVE
test/027111.mp4,1,0,0.007085395976901,DEEPFAKE,REAL,1,0,test/027111.mp4,test/027111.mp4,test,1,1,0,1,6.208,151,1,97280,test/027109.mp4,"[[3.0, 3.2]]",False,FALSE_NEGATIVE
test/027124.mp4,1,0,0.0689396485686302,DEEPFAKE,REAL,1,0,test/027124.mp4,test/027124.mp4,test,1,1,0,1,5.184,126,1,80896,test/027122.mp4,"[[3.2, 3.48]]",False,FALSE_NEGATIVE
test/027121.mp4,1,0,0.0386693514883518,DEEPFAKE,REAL,1,0,test/027121.mp4,test/027121.mp4,test,1,0,1,1,6.208,152,1,97280,test/027118.mp4,"[[0.5, 1.524]]",False,FALSE_NEGATIVE
test/027119.mp4,1,0,0.0169692039489746,DEEPFAKE,REAL,1,0,test/027119.mp4,test/027119.mp4,test,1,1,1,1,6.272,154,1,98304,test/027118.mp4,"[[0.5, 1.584]]",False,FALSE_NEGATIVE
test/027131.mp4,1,0,0.2579147517681122,DEEPFAKE,REAL,1,0,test/027131.mp4,test/027131.mp4,test,1,1,1,1,6.016,148,1,94208,test/027130.mp4,"[[1.4, 2.874]]",False,FALSE_NEGATIVE
test/027174.mp4,1,0,0.0104139652103185,DEEPFAKE,REAL,1,0,test/027174.mp4,test/027174.mp4,test,1,1,1,1,6.144,149,1,96256,test/027173.mp4,"[[0.8, 1.704]]",False,FALSE_NEGATIVE
test/027175.mp4,1,0,0.0128795551136136,DEEPFAKE,REAL,1,0,test/027175.mp4,test/027175.mp4,test,1,1,0,1,5.44,132,1,84992,test/027173.mp4,"[[0.8, 1.0]]",False,FALSE_NEGATIVE
test/027182.mp4,1,0,0.0105288960039615,DEEPFAKE,REAL,1,0,test/027182.mp4,test/027182.mp4,test,1,1,1,1,6.08,150,1,95232,test/027181.mp4,"[[2.9, 3.984]]",False,FALSE_NEGATIVE
test/027180.mp4,1,0,0.0612265430390834,DEEPFAKE,REAL,1,0,test/027180.mp4,test/027180.mp4,test,1,0,1,1,8.704,214,1,137216,test/027177.mp4,"[[7.2, 8.304]]",False,FALSE_NEGATIVE
test/027184.mp4,1,0,0.0899931713938713,DEEPFAKE,REAL,1,0,test/027184.mp4,test/027184.mp4,test,1,0,1,1,5.504,135,1,86016,test/027181.mp4,"[[2.9, 3.404]]",False,FALSE_NEGATIVE
test/027188.mp4,1,0,0.2066389620304107,DEEPFAKE,REAL,1,0,test/027188.mp4,test/027188.mp4,test,1,1,0,2,19.776,490,1,314368,test/027186.mp4,"[[0.8, 1.0], [4.7, 5.1]]",False,FALSE_NEGATIVE
test/027191.mp4,1,0,0.2743138372898102,DEEPFAKE,REAL,1,0,test/027191.mp4,test/027191.mp4,test,1,1,0,1,19.648,487,1,312320,test/027186.mp4,"[[0.8, 1.0]]",False,FALSE_NEGATIVE
test/027209.mp4,1,0,0.4186667501926422,DEEPFAKE,REAL,1,0,test/027209.mp4,test/027209.mp4,test,1,1,0,2,10.88,268,1,172032,test/027207.mp4,"[[6.9, 7.3], [7.9, 8.3]]",False,FALSE_NEGATIVE
test/027202.mp4,1,0,0.0663279667496681,DEEPFAKE,REAL,1,0,test/027202.mp4,test/027202.mp4,test,1,1,0,2,18.816,467,1,299008,test/027200.mp4,"[[2.3, 2.78], [11.58, 11.78]]",False,FALSE_NEGATIVE
test/027213.mp4,1,0,0.4983515441417694,DEEPFAKE,REAL,1,0,test/027213.mp4,test/027213.mp4,test,1,0,1,1,11.008,272,1,174080,test/027207.mp4,"[[6.9, 7.604]]",False,FALSE_NEGATIVE
test/027227.mp4,1,0,0.0592852681875228,DEEPFAKE,REAL,1,0,test/027227.mp4,test/027227.mp4,test,1,1,1,1,15.616,387,1,247808,test/027226.mp4,"[[6.1, 7.004]]",False,FALSE_NEGATIVE
test/027236.mp4,1,0,0.0381501987576484,DEEPFAKE,REAL,1,0,test/027236.mp4,test/027236.mp4,test,1,0,1,1,11.584,286,1,183296,test/027230.mp4,"[[7.8, 8.784]]",False,FALSE_NEGATIVE
test/027183.mp4,1,0,0.3142533898353576,DEEPFAKE,REAL,1,0,test/027183.mp4,test/027183.mp4,test,1,1,0,1,5.248,129,1,81920,test/027181.mp4,"[[2.9, 3.1]]",False,FALSE_NEGATIVE
test/027250.mp4,1,0,0.4946149289608001,DEEPFAKE,REAL,1,0,test/027250.mp4,test/027250.mp4,test,1,0,1,1,19.584,485,1,311296,test/027244.mp4,"[[16.9, 17.764]]",False,FALSE_NEGATIVE
test/027201.mp4,1,0,0.3301525712013244,DEEPFAKE,REAL,1,0,test/027201.mp4,test/027201.mp4,test,1,1,1,2,19.392,482,1,308224,test/027200.mp4,"[[2.3, 3.114], [11.914, 12.428]]",False,FALSE_NEGATIVE
test/027229.mp4,1,0,0.0443925596773624,DEEPFAKE,REAL,1,0,test/027229.mp4,test/027229.mp4,test,1,0,1,1,15.104,375,1,239616,test/027226.mp4,"[[6.1, 6.524]]",False,FALSE_NEGATIVE
test/029380.mp4,1,0,0.4607071578502655,DEEPFAKE,REAL,1,0,test/029380.mp4,test/029380.mp4,test,1,1,0,1,8.0,197,1,125952,test/029378.mp4,"[[5.0, 5.864]]",False,FALSE_NEGATIVE
test/029747.mp4,1,0,0.2885106801986694,DEEPFAKE,REAL,1,0,test/029747.mp4,test/029747.mp4,test,1,1,1,1,6.912,170,1,108544,test/029746.mp4,"[[3.7, 4.334]]",False,FALSE_NEGATIVE
test/029748.mp4,1,0,0.0852650254964828,DEEPFAKE,REAL,1,0,test/029748.mp4,test/029748.mp4,test,1,1,0,1,6.72,165,1,105472,test/029746.mp4,"[[3.7, 4.064]]",False,FALSE_NEGATIVE
test/041388.mp4,1,0,0.0878647714853286,DEEPFAKE,REAL,1,0,test/041388.mp4,test/041388.mp4,test,1,1,1,1,4.48,110,1,69632,test/041387.mp4,"[[2.5, 3.254]]",False,FALSE_NEGATIVE
test/041389.mp4,1,0,0.0015631678979843,DEEPFAKE,REAL,1,0,test/041389.mp4,test/041389.mp4,test,1,1,0,1,4.352,106,1,67584,test/041387.mp4,"[[2.5, 3.064]]",False,FALSE_NEGATIVE
test/041410.mp4,1,0,0.2244515419006347,DEEPFAKE,REAL,1,0,test/041410.mp4,test/041410.mp4,test,1,0,1,1,5.312,129,1,82944,test/041407.mp4,"[[0.3, 1.284]]",False,FALSE_NEGATIVE
test/041547.mp4,1,0,0.2034226655960083,DEEPFAKE,REAL,1,0,test/041547.mp4,test/041547.mp4,test,1,0,1,1,6.144,150,1,96256,test/041544.mp4,"[[4.8, 5.704]]",False,FALSE_NEGATIVE
test/041545.mp4,1,0,0.0036283747758716,DEEPFAKE,REAL,1,0,test/041545.mp4,test/041545.mp4,test,1,1,1,1,6.144,150,1,96256,test/041544.mp4,"[[4.8, 5.734]]",False,FALSE_NEGATIVE
test/041546.mp4,1,0,0.0983565971255302,DEEPFAKE,REAL,1,0,test/041546.mp4,test/041546.mp4,test,1,1,0,1,5.568,135,1,87040,test/041544.mp4,"[[4.8, 5.08]]",False,FALSE_NEGATIVE
test/044891.mp4,1,0,0.4517139196395874,DEEPFAKE,REAL,1,0,test/044891.mp4,test/044891.mp4,test,1,0,1,1,5.248,127,1,81920,test/044888.mp4,"[[3.4, 4.264]]",False,FALSE_NEGATIVE
test/045018.mp4,1,0,0.2675123810768127,DEEPFAKE,REAL,1,0,test/045018.mp4,test/045018.mp4,test,1,0,1,1,6.08,148,1,95232,test/045015.mp4,"[[4.0, 4.84]]",False,FALSE_NEGATIVE
test/045664.mp4,1,0,0.2354216575622558,DEEPFAKE,REAL,1,0,test/045664.mp4,test/045664.mp4,test,1,0,1,1,9.92,244,1,156672,test/045661.mp4,"[[0.8, 1.48]]",False,FALSE_NEGATIVE
test/045669.mp4,1,0,0.4051396548748016,DEEPFAKE,REAL,1,0,test/045669.mp4,test/045669.mp4,test,1,1,1,1,12.224,303,1,193536,test/045665.mp4,"[[7.1, 8.034]]",False,FALSE_NEGATIVE
test/045642.mp4,1,0,0.4063845872879028,DEEPFAKE,REAL,1,0,test/045642.mp4,test/045642.mp4,test,1,1,0,1,7.488,184,1,117760,test/045640.mp4,"[[1.6, 1.88]]",False,FALSE_NEGATIVE
test/045680.mp4,1,0,0.0068507781252264,DEEPFAKE,REAL,1,0,test/045680.mp4,test/045680.mp4,test,1,1,0,1,4.416,107,1,68608,test/045678.mp4,"[[0.2, 0.48]]",False,FALSE_NEGATIVE
test/045679.mp4,1,0,0.0009427709737792,DEEPFAKE,REAL,1,0,test/045679.mp4,test/045679.mp4,test,1,1,1,1,4.928,121,1,76800,test/045678.mp4,"[[0.2, 1.074]]",False,FALSE_NEGATIVE
test/045681.mp4,1,0,0.0027353807818144,DEEPFAKE,REAL,1,0,test/045681.mp4,test/045681.mp4,test,1,0,1,1,4.928,121,1,76800,test/045678.mp4,"[[0.2, 1.064]]",False,FALSE_NEGATIVE
test/045695.mp4,1,0,0.2853839695453644,DEEPFAKE,REAL,1,0,test/045695.mp4,test/045695.mp4,test,1,1,1,1,4.928,119,1,76800,test/045694.mp4,"[[3.2, 4.044]]",False,FALSE_NEGATIVE
test/045696.mp4,1,0,0.0410334840416908,DEEPFAKE,REAL,1,0,test/045696.mp4,test/045696.mp4,test,1,1,0,1,4.288,103,1,66560,test/045694.mp4,"[[3.2, 3.4]]",False,FALSE_NEGATIVE
test/045691.mp4,1,0,0.1050334274768829,DEEPFAKE,REAL,1,0,test/045691.mp4,test/045691.mp4,test,1,1,1,1,11.776,291,1,186368,test/045687.mp4,"[[1.5, 2.074]]",False,FALSE_NEGATIVE
test/045710.mp4,1,0,0.0031276124063879,DEEPFAKE,REAL,1,0,test/045710.mp4,test/045710.mp4,test,1,0,1,1,18.944,471,1,301056,test/045704.mp4,"[[12.2, 13.12]]",False,FALSE_NEGATIVE
test/045708.mp4,1,0,0.0043653384782373,DEEPFAKE,REAL,1,0,test/045708.mp4,test/045708.mp4,test,1,1,1,1,18.88,469,1,300032,test/045704.mp4,"[[12.2, 13.044]]",False,FALSE_NEGATIVE
test/045721.mp4,1,0,0.1405398249626159,DEEPFAKE,REAL,1,0,test/045721.mp4,test/045721.mp4,test,1,0,1,1,11.072,273,1,175104,test/045715.mp4,"[[1.6, 2.44]]",False,FALSE_NEGATIVE
test/045697.mp4,1,0,0.0040247254073619,DEEPFAKE,REAL,1,0,test/045697.mp4,test/045697.mp4,test,1,0,1,1,4.992,121,1,77824,test/045694.mp4,"[[3.2, 4.12]]",False,FALSE_NEGATIVE
test/045719.mp4,1,0,0.3375214040279388,DEEPFAKE,REAL,1,0,test/045719.mp4,test/045719.mp4,test,1,1,1,1,11.008,271,1,174080,test/045715.mp4,"[[1.6, 2.414]]",False,FALSE_NEGATIVE
test/045757.mp4,1,0,0.254274308681488,DEEPFAKE,REAL,1,0,test/045757.mp4,test/045757.mp4,test,1,1,1,2,13.696,339,1,217088,test/045756.mp4,"[[4.7, 5.484], [11.884, 12.878]]",False,FALSE_NEGATIVE
test/045759.mp4,1,0,0.3699345588684082,DEEPFAKE,REAL,1,0,test/045759.mp4,test/045759.mp4,test,1,0,1,2,13.568,336,1,215040,test/045756.mp4,"[[4.7, 5.444], [11.844, 12.788]]",False,FALSE_NEGATIVE
test/045760.mp4,1,0,0.0933364182710647,DEEPFAKE,REAL,1,0,test/045760.mp4,test/045760.mp4,test,1,1,1,1,12.992,321,1,205824,test/045756.mp4,"[[4.7, 5.424]]",False,FALSE_NEGATIVE
test/045761.mp4,1,0,0.3554724454879761,DEEPFAKE,REAL,1,0,test/045761.mp4,test/045761.mp4,test,1,1,0,1,12.544,310,1,198656,test/045756.mp4,"[[4.7, 4.98]]",False,FALSE_NEGATIVE
test/045762.mp4,1,0,0.0432619526982307,DEEPFAKE,REAL,1,0,test/045762.mp4,test/045762.mp4,test,1,0,1,1,12.928,319,1,204800,test/045756.mp4,"[[4.7, 5.404]]",False,FALSE_NEGATIVE
test/046065.mp4,1,0,0.0820394456386566,DEEPFAKE,REAL,1,0,test/046065.mp4,test/046065.mp4,test,1,1,1,1,13.76,341,1,218112,test/046061.mp4,"[[12.4, 13.094]]",False,FALSE_NEGATIVE
test/046072.mp4,1,0,0.467171311378479,DEEPFAKE,REAL,1,0,test/046072.mp4,test/046072.mp4,test,1,1,1,1,12.032,298,1,190464,test/046068.mp4,"[[4.6, 6.104]]",False,FALSE_NEGATIVE
test/046069.mp4,1,0,0.0206137299537658,DEEPFAKE,REAL,1,0,test/046069.mp4,test/046069.mp4,test,1,1,1,2,12.544,312,1,198656,test/046068.mp4,"[[4.6, 5.564], [6.364, 7.568]]",False,FALSE_NEGATIVE
test/046070.mp4,1,0,0.482622742652893,DEEPFAKE,REAL,1,0,test/046070.mp4,test/046070.mp4,test,1,1,0,2,10.88,269,1,172032,test/046068.mp4,"[[4.6, 4.8], [5.6, 5.8]]",False,FALSE_NEGATIVE
test/046071.mp4,1,0,0.091975636780262,DEEPFAKE,REAL,1,0,test/046071.mp4,test/046071.mp4,test,1,0,1,2,12.032,298,1,190464,test/046068.mp4,"[[4.6, 5.64], [6.44, 6.984]]",False,FALSE_NEGATIVE
test/046073.mp4,1,0,0.0514224916696548,DEEPFAKE,REAL,1,0,test/046073.mp4,test/046073.mp4,test,1,1,0,1,10.752,266,1,169984,test/046068.mp4,"[[4.6, 4.8]]",False,FALSE_NEGATIVE
test/047023.mp4,1,0,0.0117694102227687,DEEPFAKE,REAL,1,0,test/047023.mp4,test/047023.mp4,test,1,1,1,1,6.848,167,1,107520,test/047022.mp4,"[[0.2, 0.864]]",False,FALSE_NEGATIVE
test/047106.mp4,1,0,0.1743437200784683,DEEPFAKE,REAL,1,0,test/047106.mp4,test/047106.mp4,test,1,1,1,1,7.68,187,1,120832,test/047105.mp4,"[[0.7, 1.364]]",False,FALSE_NEGATIVE
test/047112.mp4,1,0,0.0346171371638774,DEEPFAKE,REAL,1,0,test/047112.mp4,test/047112.mp4,test,1,0,1,1,5.632,139,1,88064,test/047109.mp4,"[[3.0, 3.544]]",False,FALSE_NEGATIVE
test/047108.mp4,1,0,0.0231260936707258,DEEPFAKE,REAL,1,0,test/047108.mp4,test/047108.mp4,test,1,0,1,1,7.616,185,1,119808,test/047105.mp4,"[[0.7, 1.324]]",False,FALSE_NEGATIVE
test/047110.mp4,1,0,0.102598488330841,DEEPFAKE,REAL,1,0,test/047110.mp4,test/047110.mp4,test,1,1,1,1,5.632,139,1,88064,test/047109.mp4,"[[3.0, 3.544]]",False,FALSE_NEGATIVE
test/047111.mp4,1,0,0.0055648828856647,DEEPFAKE,REAL,1,0,test/047111.mp4,test/047111.mp4,test,1,1,0,1,5.44,133,1,84992,test/047109.mp4,"[[3.0, 3.28]]",False,FALSE_NEGATIVE
test/047118.mp4,1,0,0.0516572557389736,DEEPFAKE,REAL,1,0,test/047118.mp4,test/047118.mp4,test,1,1,1,1,8.32,205,1,131072,test/047117.mp4,"[[4.9, 5.504]]",False,FALSE_NEGATIVE
test/047119.mp4,1,0,0.0042455666698515,DEEPFAKE,REAL,1,0,test/047119.mp4,test/047119.mp4,test,1,1,0,1,7.936,196,1,124928,test/047117.mp4,"[[4.9, 5.1]]",False,FALSE_NEGATIVE
test/047120.mp4,1,0,0.1007985472679138,DEEPFAKE,REAL,1,0,test/047120.mp4,test/047120.mp4,test,1,0,1,1,8.0,197,1,125952,test/047117.mp4,"[[4.9, 5.204]]",False,FALSE_NEGATIVE
test/047124.mp4,1,0,0.030308187007904,DEEPFAKE,REAL,1,0,test/047124.mp4,test/047124.mp4,test,1,1,0,2,18.304,455,1,290816,test/047122.mp4,"[[6.4, 6.68], [9.48, 9.88]]",False,FALSE_NEGATIVE
test/047136.mp4,1,0,0.2108587473630905,DEEPFAKE,REAL,1,0,test/047136.mp4,test/047136.mp4,test,1,0,1,1,8.32,203,1,131072,test/047133.mp4,"[[2.9, 3.884]]",False,FALSE_NEGATIVE
test/047139.mp4,1,0,0.1168681383132934,DEEPFAKE,REAL,1,0,test/047139.mp4,test/047139.mp4,test,1,1,0,1,5.888,144,1,92160,test/047137.mp4,"[[5.0, 5.564]]",False,FALSE_NEGATIVE
test/047138.mp4,1,0,0.016458436846733,DEEPFAKE,REAL,1,0,test/047138.mp4,test/047138.mp4,test,1,1,1,1,6.08,149,1,95232,test/047137.mp4,"[[5.0, 5.724]]",False,FALSE_NEGATIVE
test/047140.mp4,1,0,0.2064166665077209,DEEPFAKE,REAL,1,0,test/047140.mp4,test/047140.mp4,test,1,0,1,1,6.08,149,1,95232,test/047137.mp4,"[[5.0, 5.724]]",False,FALSE_NEGATIVE
test/048204.mp4,1,0,0.0224606022238731,DEEPFAKE,REAL,1,0,test/048204.mp4,test/048204.mp4,test,1,0,1,1,5.76,141,1,90112,test/048201.mp4,"[[1.0, 2.144]]",False,FALSE_NEGATIVE
test/048353.mp4,1,0,0.0531957112252712,DEEPFAKE,REAL,1,0,test/048353.mp4,test/048353.mp4,test,1,0,1,1,7.232,177,1,113664,test/048350.mp4,"[[4.5, 5.244]]",False,FALSE_NEGATIVE
test/048499.mp4,1,0,0.2291909903287887,DEEPFAKE,REAL,1,0,test/048499.mp4,test/048499.mp4,test,1,1,0,1,4.992,121,1,77824,test/048497.mp4,"[[4.1, 4.38]]",False,FALSE_NEGATIVE
test/048495.mp4,1,0,0.2117799222469329,DEEPFAKE,REAL,1,0,test/048495.mp4,test/048495.mp4,test,1,1,0,1,5.888,145,1,92160,test/048493.mp4,"[[1.1, 1.3]]",False,FALSE_NEGATIVE
test/048537.mp4,1,0,0.0016847165534272,DEEPFAKE,REAL,1,0,test/048537.mp4,test/048537.mp4,test,1,1,0,1,6.592,162,1,103424,test/048535.mp4,"[[0.5, 0.98]]",False,FALSE_NEGATIVE
test/048538.mp4,1,0,0.0101161431521177,DEEPFAKE,REAL,1,0,test/048538.mp4,test/048538.mp4,test,1,0,1,1,7.68,188,1,120832,test/048535.mp4,"[[0.5, 2.044]]",False,FALSE_NEGATIVE
test/048536.mp4,1,0,0.0025816308334469,DEEPFAKE,REAL,1,0,test/048536.mp4,test/048536.mp4,test,1,1,1,1,7.68,188,1,120832,test/048535.mp4,"[[0.5, 2.064]]",False,FALSE_NEGATIVE
test/048498.mp4,1,0,0.3054139912128448,DEEPFAKE,REAL,1,0,test/048498.mp4,test/048498.mp4,test,1,1,1,1,5.248,127,1,81920,test/048497.mp4,"[[4.1, 4.644]]",False,FALSE_NEGATIVE
test/048544.mp4,1,0,0.0674560517072677,DEEPFAKE,REAL,1,0,test/048544.mp4,test/048544.mp4,test,1,1,1,1,5.056,122,1,78848,test/048543.mp4,"[[2.7, 3.544]]",False,FALSE_NEGATIVE
test/048541.mp4,1,0,0.4612352252006531,DEEPFAKE,REAL,1,0,test/048541.mp4,test/048541.mp4,test,1,1,0,1,6.272,154,1,98304,test/048539.mp4,"[[0.3, 0.964]]",False,FALSE_NEGATIVE
test/048545.mp4,1,0,0.0497432351112365,DEEPFAKE,REAL,1,0,test/048545.mp4,test/048545.mp4,test,1,1,0,1,4.48,108,1,69632,test/048543.mp4,"[[2.7, 2.98]]",False,FALSE_NEGATIVE
test/048550.mp4,1,0,0.4834410846233368,DEEPFAKE,REAL,1,0,test/048550.mp4,test/048550.mp4,test,1,0,1,1,8.768,216,1,138240,test/048547.mp4,"[[3.8, 4.704]]",False,FALSE_NEGATIVE
test/048496.mp4,1,0,0.0037649199366569,DEEPFAKE,REAL,1,0,test/048496.mp4,test/048496.mp4,test,1,0,1,1,6.016,148,1,94208,test/048493.mp4,"[[1.1, 1.484]]",False,FALSE_NEGATIVE
test/048542.mp4,1,0,0.0976369157433509,DEEPFAKE,REAL,1,0,test/048542.mp4,test/048542.mp4,test,1,0,1,1,6.272,153,1,98304,test/048539.mp4,"[[0.3, 0.904]]",False,FALSE_NEGATIVE
test/063959.mp4,1,0,0.3177478313446045,DEEPFAKE,REAL,1,0,test/063959.mp4,test/063959.mp4,test,1,1,0,1,4.608,112,1,71680,test/063957.mp4,"[[2.2, 2.48]]",False,FALSE_NEGATIVE
test/064291.mp4,1,0,0.382781982421875,DEEPFAKE,REAL,1,0,test/064291.mp4,test/064291.mp4,test,1,1,0,1,8.832,217,1,139264,test/064289.mp4,"[[5.4, 5.88]]",False,FALSE_NEGATIVE
test/064288.mp4,1,0,0.196211963891983,DEEPFAKE,REAL,1,0,test/064288.mp4,test/064288.mp4,test,1,0,1,1,6.464,158,1,101376,test/064285.mp4,"[[1.9, 2.884]]",False,FALSE_NEGATIVE
test/064290.mp4,1,0,0.3134754002094269,DEEPFAKE,REAL,1,0,test/064290.mp4,test/064290.mp4,test,1,1,1,1,9.152,226,1,144384,test/064289.mp4,"[[5.4, 6.274]]",False,FALSE_NEGATIVE
test/075860.mp4,1,0,0.1756503582000732,DEEPFAKE,REAL,1,0,test/075860.mp4,test/075860.mp4,test,1,1,0,1,7.552,186,1,118784,test/075858.mp4,"[[3.2, 3.6]]",False,FALSE_NEGATIVE
test/075861.mp4,1,0,0.0560245476663112,DEEPFAKE,REAL,1,0,test/075861.mp4,test/075861.mp4,test,1,0,1,1,7.872,194,1,123904,test/075858.mp4,"[[3.2, 3.944]]",False,FALSE_NEGATIVE
test/075851.mp4,1,0,0.0695562064647674,DEEPFAKE,REAL,1,0,test/075851.mp4,test/075851.mp4,test,1,1,1,1,6.656,164,1,104448,test/075850.mp4,"[[2.2, 3.254]]",False,FALSE_NEGATIVE
test/075859.mp4,1,0,0.1708510071039199,DEEPFAKE,REAL,1,0,test/075859.mp4,test/075859.mp4,test,1,1,1,1,7.872,194,1,123904,test/075858.mp4,"[[3.2, 3.954]]",False,FALSE_NEGATIVE
test/076051.mp4,1,0,0.0127601064741611,DEEPFAKE,REAL,1,0,test/076051.mp4,test/076051.mp4,test,1,1,0,1,4.672,113,1,72704,test/076049.mp4,"[[2.2, 2.68]]",False,FALSE_NEGATIVE
test/076052.mp4,1,0,0.0048169842921197,DEEPFAKE,REAL,1,0,test/076052.mp4,test/076052.mp4,test,1,0,1,1,4.864,119,1,75776,test/076049.mp4,"[[2.2, 2.944]]",False,FALSE_NEGATIVE
test/076050.mp4,1,0,0.0486518666148185,DEEPFAKE,REAL,1,0,test/076050.mp4,test/076050.mp4,test,1,1,1,1,4.928,120,1,76800,test/076049.mp4,"[[2.2, 2.984]]",False,FALSE_NEGATIVE
test/076043.mp4,1,0,0.0056976405903697,DEEPFAKE,REAL,1,0,test/076043.mp4,test/076043.mp4,test,1,1,1,2,15.872,394,1,251904,test/076042.mp4,"[[1.1, 1.734], [9.734, 10.848]]",False,FALSE_NEGATIVE
test/076055.mp4,1,0,0.0051758466288447,DEEPFAKE,REAL,1,0,test/076055.mp4,test/076055.mp4,test,1,1,0,1,5.312,130,1,82944,test/076053.mp4,"[[0.2, 0.48]]",False,FALSE_NEGATIVE
test/076044.mp4,1,0,0.0048313792794942,DEEPFAKE,REAL,1,0,test/076044.mp4,test/076044.mp4,test,1,1,0,2,15.04,373,1,238592,test/076042.mp4,"[[1.1, 1.464], [9.464, 9.944]]",False,FALSE_NEGATIVE
test/076056.mp4,1,0,0.4326992034912109,DEEPFAKE,REAL,1,0,test/076056.mp4,test/076056.mp4,test,1,0,1,1,5.568,137,1,87040,test/076053.mp4,"[[0.2, 0.784]]",False,FALSE_NEGATIVE
test/076045.mp4,1,0,0.012887068092823,DEEPFAKE,REAL,1,0,test/076045.mp4,test/076045.mp4,test,1,0,1,2,15.808,392,1,250880,test/076042.mp4,"[[1.1, 1.644], [9.644, 10.748]]",False,FALSE_NEGATIVE
test/076054.mp4,1,0,0.0033130587544292,DEEPFAKE,REAL,1,0,test/076054.mp4,test/076054.mp4,test,1,1,1,1,5.568,137,1,87040,test/076053.mp4,"[[0.2, 0.804]]",False,FALSE_NEGATIVE
test/076108.mp4,1,0,0.0544697828590869,DEEPFAKE,REAL,1,0,test/076108.mp4,test/076108.mp4,test,1,0,1,1,9.088,223,1,143360,test/076105.mp4,"[[0.8, 1.464]]",False,FALSE_NEGATIVE
test/076111.mp4,1,0,0.3491163849830627,DEEPFAKE,REAL,1,0,test/076111.mp4,test/076111.mp4,test,1,1,0,2,12.096,298,1,191488,test/076109.mp4,"[[4.9, 5.3], [9.5, 9.78]]",False,FALSE_NEGATIVE
test/076107.mp4,1,0,0.3079433739185333,DEEPFAKE,REAL,1,0,test/076107.mp4,test/076107.mp4,test,1,1,0,1,8.96,220,1,141312,test/076105.mp4,"[[0.8, 1.364]]",False,FALSE_NEGATIVE
test/076233.mp4,1,0,0.2058107107877731,DEEPFAKE,REAL,1,0,test/076233.mp4,test/076233.mp4,test,1,1,0,2,17.536,435,1,278528,test/076231.mp4,"[[11.5, 11.78], [12.88, 13.08]]",False,FALSE_NEGATIVE
test/076242.mp4,1,0,0.0903966128826141,DEEPFAKE,REAL,1,0,test/076242.mp4,test/076242.mp4,test,1,1,1,1,11.2,278,1,177152,test/076238.mp4,"[[3.7, 4.244]]",False,FALSE_NEGATIVE
test/076304.mp4,1,0,0.0131716020405292,DEEPFAKE,REAL,1,0,test/076304.mp4,test/076304.mp4,test,1,0,1,1,7.68,188,1,120832,test/076301.mp4,"[[2.7, 3.444]]",False,FALSE_NEGATIVE
test/076302.mp4,1,0,0.1847047656774521,DEEPFAKE,REAL,1,0,test/076302.mp4,test/076302.mp4,test,1,1,1,1,7.744,189,1,121856,test/076301.mp4,"[[2.7, 3.484]]",False,FALSE_NEGATIVE
test/076311.mp4,1,0,0.000282077351585,DEEPFAKE,REAL,1,0,test/076311.mp4,test/076311.mp4,test,1,1,0,1,6.272,154,1,98304,test/076309.mp4,"[[3.8, 4.48]]",False,FALSE_NEGATIVE
test/076310.mp4,1,0,0.0027364892885088,DEEPFAKE,REAL,1,0,test/076310.mp4,test/076310.mp4,test,1,1,1,1,6.528,161,1,102400,test/076309.mp4,"[[3.8, 4.794]]",False,FALSE_NEGATIVE
test/076319.mp4,1,0,0.0171436462551355,DEEPFAKE,REAL,1,0,test/076319.mp4,test/076319.mp4,test,1,1,0,1,6.208,153,1,97280,test/076317.mp4,"[[1.3, 1.864]]",False,FALSE_NEGATIVE
test/076318.mp4,1,0,0.485730767250061,DEEPFAKE,REAL,1,0,test/076318.mp4,test/076318.mp4,test,1,1,1,1,6.272,154,1,98304,test/076317.mp4,"[[1.3, 1.904]]",False,FALSE_NEGATIVE
test/076320.mp4,1,0,0.003480217885226,DEEPFAKE,REAL,1,0,test/076320.mp4,test/076320.mp4,test,1,0,1,1,6.272,154,1,98304,test/076317.mp4,"[[1.3, 1.884]]",False,FALSE_NEGATIVE
test/076303.mp4,1,0,0.0570350959897041,DEEPFAKE,REAL,1,0,test/076303.mp4,test/076303.mp4,test,1,1,0,1,7.232,177,1,113664,test/076301.mp4,"[[2.7, 2.98]]",False,FALSE_NEGATIVE
test/076312.mp4,1,0,0.0124701373279094,DEEPFAKE,REAL,1,0,test/076312.mp4,test/076312.mp4,test,1,0,1,1,6.528,161,1,102400,test/076309.mp4,"[[3.8, 4.784]]",False,FALSE_NEGATIVE
test/076426.mp4,1,0,0.2896819114685058,DEEPFAKE,REAL,1,0,test/076426.mp4,test/076426.mp4,test,1,1,0,2,17.088,424,1,271360,test/076424.mp4,"[[1.2, 1.6], [2.8, 3.0]]",False,FALSE_NEGATIVE
test/076568.mp4,1,0,0.0001563945988891,DEEPFAKE,REAL,1,0,test/076568.mp4,test/076568.mp4,test,1,1,1,1,8.896,218,1,140288,test/076567.mp4,"[[2.2, 3.104]]",False,FALSE_NEGATIVE
test/076569.mp4,1,0,9.576640877639876e-05,DEEPFAKE,REAL,1,0,test/076569.mp4,test/076569.mp4,test,1,1,0,1,8.192,201,1,129024,test/076567.mp4,"[[2.2, 2.4]]",False,FALSE_NEGATIVE
test/076572.mp4,1,0,0.000291348376777,DEEPFAKE,REAL,1,0,test/076572.mp4,test/076572.mp4,test,1,1,1,1,9.28,230,1,146432,test/076571.mp4,"[[6.2, 6.924]]",False,FALSE_NEGATIVE
test/076570.mp4,1,0,1.045067074301187e-05,DEEPFAKE,REAL,1,0,test/076570.mp4,test/076570.mp4,test,1,0,1,1,9.024,221,1,142336,test/076567.mp4,"[[2.2, 3.2]]",False,FALSE_NEGATIVE
test/076574.mp4,1,0,3.161079075653106e-05,DEEPFAKE,REAL,1,0,test/076574.mp4,test/076574.mp4,test,1,0,1,1,9.216,228,1,145408,test/076571.mp4,"[[6.2, 6.904]]",False,FALSE_NEGATIVE
test/076573.mp4,1,0,0.0001448183320462,DEEPFAKE,REAL,1,0,test/076573.mp4,test/076573.mp4,test,1,1,0,1,8.896,219,1,140288,test/076571.mp4,"[[6.2, 6.48]]",False,FALSE_NEGATIVE
test/077027.mp4,1,0,0.0370757207274436,DEEPFAKE,REAL,1,0,test/077027.mp4,test/077027.mp4,test,1,1,1,1,5.056,124,1,78848,test/077026.mp4,"[[1.6, 2.504]]",False,FALSE_NEGATIVE
test/077157.mp4,1,0,0.2128164321184158,DEEPFAKE,REAL,1,0,test/077157.mp4,test/077157.mp4,test,1,0,1,1,4.352,106,1,67584,test/077154.mp4,"[[0.3, 0.604]]",False,FALSE_NEGATIVE
test/077149.mp4,1,0,0.32412850856781,DEEPFAKE,REAL,1,0,test/077149.mp4,test/077149.mp4,test,1,0,1,1,5.184,125,1,80896,test/077146.mp4,"[[2.1, 2.684]]",False,FALSE_NEGATIVE
test/077250.mp4,1,0,0.0742244720458984,DEEPFAKE,REAL,1,0,test/077250.mp4,test/077250.mp4,test,1,1,1,1,7.104,174,1,111616,test/077249.mp4,"[[0.4, 0.974]]",False,FALSE_NEGATIVE
test/077251.mp4,1,0,0.0028863677289336,DEEPFAKE,REAL,1,0,test/077251.mp4,test/077251.mp4,test,1,1,0,1,6.912,170,1,108544,test/077249.mp4,"[[0.4, 0.764]]",False,FALSE_NEGATIVE
test/077259.mp4,1,0,0.0152459871023893,DEEPFAKE,REAL,1,0,test/077259.mp4,test/077259.mp4,test,1,1,0,1,4.928,119,1,76800,test/077257.mp4,"[[3.5, 3.864]]",False,FALSE_NEGATIVE
test/077260.mp4,1,0,0.0119571601971983,DEEPFAKE,REAL,1,0,test/077260.mp4,test/077260.mp4,test,1,0,1,1,4.992,121,1,77824,test/077257.mp4,"[[3.5, 4.004]]",False,FALSE_NEGATIVE
test/077238.mp4,1,0,0.2891014218330383,DEEPFAKE,REAL,1,0,test/077238.mp4,test/077238.mp4,test,1,0,1,2,11.712,289,1,185344,test/077235.mp4,"[[1.1, 1.684], [3.484, 4.244]]",False,FALSE_NEGATIVE
test/077252.mp4,1,0,0.0689674094319343,DEEPFAKE,REAL,1,0,test/077252.mp4,test/077252.mp4,test,1,0,1,1,7.104,174,1,111616,test/077249.mp4,"[[0.4, 0.974]]",False,FALSE_NEGATIVE
test/077256.mp4,1,0,0.003144257236272,DEEPFAKE,REAL,1,0,test/077256.mp4,test/077256.mp4,test,1,0,1,1,8.064,198,1,126976,test/077253.mp4,"[[2.3, 2.564]]",False,FALSE_NEGATIVE
test/077335.mp4,1,0,0.0008467383449897,DEEPFAKE,REAL,1,0,test/077335.mp4,test/077335.mp4,test,1,1,0,1,4.288,103,1,66560,test/077333.mp4,"[[2.6, 2.8]]",False,FALSE_NEGATIVE
test/077334.mp4,1,0,0.0068980939686298,DEEPFAKE,REAL,1,0,test/077334.mp4,test/077334.mp4,test,1,1,1,1,4.864,117,1,75776,test/077333.mp4,"[[2.6, 3.414]]",False,FALSE_NEGATIVE
test/077339.mp4,1,0,0.0004905926762148,DEEPFAKE,REAL,1,0,test/077339.mp4,test/077339.mp4,test,1,1,0,1,4.48,109,1,69632,test/077337.mp4,"[[0.4, 0.8]]",False,FALSE_NEGATIVE
test/077343.mp4,1,0,0.0076705734245479,DEEPFAKE,REAL,1,0,test/077343.mp4,test/077343.mp4,test,1,1,0,1,7.168,175,1,112640,test/077341.mp4,"[[1.8, 2.08]]",False,FALSE_NEGATIVE
test/077344.mp4,1,0,0.0001927285338751,DEEPFAKE,REAL,1,0,test/077344.mp4,test/077344.mp4,test,1,0,1,1,7.552,186,1,118784,test/077341.mp4,"[[1.8, 2.544]]",False,FALSE_NEGATIVE
test/077342.mp4,1,0,0.0067336582578718,DEEPFAKE,REAL,1,0,test/077342.mp4,test/077342.mp4,test,1,1,1,1,7.616,187,1,119808,test/077341.mp4,"[[1.8, 2.584]]",False,FALSE_NEGATIVE
test/077348.mp4,1,0,0.0001431605924153,DEEPFAKE,REAL,1,0,test/077348.mp4,test/077348.mp4,test,1,1,0,1,6.016,148,1,94208,test/077346.mp4,"[[5.3, 5.5]]",False,FALSE_NEGATIVE
test/077347.mp4,1,0,0.0319452732801437,DEEPFAKE,REAL,1,0,test/077347.mp4,test/077347.mp4,test,1,1,1,1,7.232,178,1,113664,test/077346.mp4,"[[5.3, 6.714]]",False,FALSE_NEGATIVE
test/077349.mp4,1,0,0.0022110929712653,DEEPFAKE,REAL,1,0,test/077349.mp4,test/077349.mp4,test,1,0,1,1,6.4,157,1,100352,test/077346.mp4,"[[5.3, 5.924]]",False,FALSE_NEGATIVE
test/077351.mp4,1,0,0.0098136905580759,DEEPFAKE,REAL,1,0,test/077351.mp4,test/077351.mp4,test,1,1,1,2,13.44,334,1,212992,test/077350.mp4,"[[1.7, 2.544], [0.4, 1.424]]",False,FALSE_NEGATIVE
test/077353.mp4,1,0,0.0164539795368909,DEEPFAKE,REAL,1,0,test/077353.mp4,test/077353.mp4,test,1,0,1,2,13.376,332,1,211968,test/077350.mp4,"[[1.7, 2.524], [0.4, 1.424]]",False,FALSE_NEGATIVE
test/077359.mp4,1,0,0.0378557406365871,DEEPFAKE,REAL,1,0,test/077359.mp4,test/077359.mp4,test,1,1,1,1,6.4,158,1,100352,test/077358.mp4,"[[0.8, 1.374]]",False,FALSE_NEGATIVE
test/077356.mp4,1,0,4.219197217025794e-05,DEEPFAKE,REAL,1,0,test/077356.mp4,test/077356.mp4,test,1,0,1,1,12.608,312,1,199680,test/077350.mp4,"[[1.7, 2.244]]",False,FALSE_NEGATIVE
test/077352.mp4,1,0,0.0041890055872499,DEEPFAKE,REAL,1,0,test/077352.mp4,test/077352.mp4,test,1,1,0,2,12.416,308,1,196608,test/077350.mp4,"[[1.7, 1.98], [0.4, 0.88]]",False,FALSE_NEGATIVE
test/077355.mp4,1,0,4.092723611393012e-05,DEEPFAKE,REAL,1,0,test/077355.mp4,test/077355.mp4,test,1,1,0,1,12.352,306,1,195584,test/077350.mp4,"[[1.7, 1.98]]",False,FALSE_NEGATIVE
test/077354.mp4,1,0,0.0001123346373788,DEEPFAKE,REAL,1,0,test/077354.mp4,test/077354.mp4,test,1,1,1,1,12.608,312,1,199680,test/077350.mp4,"[[1.7, 2.244]]",False,FALSE_NEGATIVE
test/077363.mp4,1,0,2.0557641619234342e-05,DEEPFAKE,REAL,1,0,test/077363.mp4,test/077363.mp4,test,1,1,1,1,5.824,141,1,91136,test/077362.mp4,"[[2.7, 3.304]]",False,FALSE_NEGATIVE
test/077364.mp4,1,0,0.0029496846254915,DEEPFAKE,REAL,1,0,test/077364.mp4,test/077364.mp4,test,1,1,0,1,5.696,138,1,89088,test/077362.mp4,"[[2.7, 3.164]]",False,FALSE_NEGATIVE
test/077361.mp4,1,0,0.0108311306685209,DEEPFAKE,REAL,1,0,test/077361.mp4,test/077361.mp4,test,1,0,1,1,6.4,158,1,100352,test/077358.mp4,"[[0.8, 1.344]]",False,FALSE_NEGATIVE
test/077365.mp4,1,0,7.099123467924073e-05,DEEPFAKE,REAL,1,0,test/077365.mp4,test/077365.mp4,test,1,0,1,1,5.824,141,1,91136,test/077362.mp4,"[[2.7, 3.284]]",False,FALSE_NEGATIVE
test/077379.mp4,1,0,0.0156253241002559,DEEPFAKE,REAL,1,0,test/077379.mp4,test/077379.mp4,test,1,0,1,1,5.312,130,1,82944,test/077376.mp4,"[[1.5, 1.964]]",False,FALSE_NEGATIVE
test/077392.mp4,1,0,0.0088185165077447,DEEPFAKE,REAL,1,0,test/077392.mp4,test/077392.mp4,test,1,0,1,1,4.544,111,1,70656,test/077389.mp4,"[[0.5, 0.924]]",False,FALSE_NEGATIVE
test/077391.mp4,1,0,0.0215418208390474,DEEPFAKE,REAL,1,0,test/077391.mp4,test/077391.mp4,test,1,1,0,1,4.352,106,1,67584,test/077389.mp4,"[[0.5, 0.7]]",False,FALSE_NEGATIVE
test/077336.mp4,1,0,0.0032642458099871,DEEPFAKE,REAL,1,0,test/077336.mp4,test/077336.mp4,test,1,0,1,1,4.992,120,1,77824,test/077333.mp4,"[[2.6, 3.48]]",False,FALSE_NEGATIVE
test/077390.mp4,1,0,0.0397730953991413,DEEPFAKE,REAL,1,0,test/077390.mp4,test/077390.mp4,test,1,1,1,1,4.992,122,1,77824,test/077389.mp4,"[[0.5, 1.374]]",False,FALSE_NEGATIVE
test/077477.mp4,1,0,0.3371917605400085,DEEPFAKE,REAL,1,0,test/077477.mp4,test/077477.mp4,test,1,1,0,2,14.528,359,1,230400,test/077475.mp4,"[[9.4, 9.6], [13.3, 13.5]]",False,FALSE_NEGATIVE
test/077478.mp4,1,0,0.3335979580879211,DEEPFAKE,REAL,1,0,test/077478.mp4,test/077478.mp4,test,1,0,1,2,15.232,377,1,241664,test/077475.mp4,"[[9.4, 10.04], [13.74, 14.224]]",False,FALSE_NEGATIVE
test/077536.mp4,1,0,0.3224120140075683,DEEPFAKE,REAL,1,0,test/077536.mp4,test/077536.mp4,test,1,1,0,1,6.016,148,1,94208,test/077534.mp4,"[[4.7, 5.3]]",False,FALSE_NEGATIVE
test/077537.mp4,1,0,0.2550789713859558,DEEPFAKE,REAL,1,0,test/077537.mp4,test/077537.mp4,test,1,0,1,1,6.4,157,1,100352,test/077534.mp4,"[[4.7, 5.684]]",False,FALSE_NEGATIVE
test/077577.mp4,1,0,0.325550377368927,DEEPFAKE,REAL,1,0,test/077577.mp4,test/077577.mp4,test,1,1,0,2,11.456,284,1,181248,test/077575.mp4,"[[6.0, 6.48], [5.6, 5.8]]",False,FALSE_NEGATIVE
test/077587.mp4,1,0,0.0249446015805006,DEEPFAKE,REAL,1,0,test/077587.mp4,test/077587.mp4,test,1,1,1,1,6.336,154,1,99328,test/077586.mp4,"[[0.2, 0.804]]",False,FALSE_NEGATIVE
test/077643.mp4,1,0,0.1358138918876648,DEEPFAKE,REAL,1,0,test/077643.mp4,test/077643.mp4,test,1,1,1,1,6.144,151,1,96256,test/077642.mp4,"[[5.2, 5.894]]",False,FALSE_NEGATIVE
test/077661.mp4,1,0,0.1184416785836219,DEEPFAKE,REAL,1,0,test/077661.mp4,test/077661.mp4,test,1,1,1,2,10.88,268,1,172032,test/077660.mp4,"[[2.3, 3.024], [0.1, 0.854]]",False,FALSE_NEGATIVE
test/077676.mp4,1,0,0.0204632245004177,DEEPFAKE,REAL,1,0,test/077676.mp4,test/077676.mp4,test,1,1,1,1,8.576,211,1,135168,test/077675.mp4,"[[1.8, 2.374]]",False,FALSE_NEGATIVE
test/077678.mp4,1,0,0.1307175904512405,DEEPFAKE,REAL,1,0,test/077678.mp4,test/077678.mp4,test,1,0,1,1,8.576,211,1,135168,test/077675.mp4,"[[1.8, 2.374]]",False,FALSE_NEGATIVE
test/077697.mp4,1,0,0.0916903242468833,DEEPFAKE,REAL,1,0,test/077697.mp4,test/077697.mp4,test,1,1,0,1,4.16,101,1,64512,test/077695.mp4,"[[3.4, 3.6]]",False,FALSE_NEGATIVE
test/077703.mp4,1,0,0.0290882252156734,DEEPFAKE,REAL,1,0,test/077703.mp4,test/077703.mp4,test,1,1,0,1,5.76,140,1,90112,test/077701.mp4,"[[4.9, 5.18]]",False,FALSE_NEGATIVE
test/077715.mp4,1,0,0.0208411440253257,DEEPFAKE,REAL,1,0,test/077715.mp4,test/077715.mp4,test,1,1,0,1,7.488,183,1,117760,test/077713.mp4,"[[6.0, 6.2]]",False,FALSE_NEGATIVE
test/077719.mp4,1,0,0.1171129494905471,DEEPFAKE,REAL,1,0,test/077719.mp4,test/077719.mp4,test,1,1,0,1,9.28,229,1,146432,test/077717.mp4,"[[5.1, 5.58]]",False,FALSE_NEGATIVE
test/077726.mp4,1,0,0.001018245355226,DEEPFAKE,REAL,1,0,test/077726.mp4,test/077726.mp4,test,1,1,1,1,8.192,202,1,129024,test/077725.mp4,"[[1.5, 2.194]]",False,FALSE_NEGATIVE
test/077731.mp4,1,0,0.025000263005495,DEEPFAKE,REAL,1,0,test/077731.mp4,test/077731.mp4,test,1,1,0,1,7.68,190,1,120832,test/077729.mp4,"[[2.3, 2.5]]",False,FALSE_NEGATIVE
test/077739.mp4,1,0,0.0019624512642621,DEEPFAKE,REAL,1,0,test/077739.mp4,test/077739.mp4,test,1,1,0,1,8.064,198,1,126976,test/077737.mp4,"[[5.0, 5.28]]",False,FALSE_NEGATIVE
test/077736.mp4,1,0,0.0085816066712141,DEEPFAKE,REAL,1,0,test/077736.mp4,test/077736.mp4,test,1,0,1,1,6.528,159,1,102400,test/077733.mp4,"[[3.1, 3.844]]",False,FALSE_NEGATIVE
test/077740.mp4,1,0,0.0182141400873661,DEEPFAKE,REAL,1,0,test/077740.mp4,test/077740.mp4,test,1,0,1,1,8.64,213,1,136192,test/077737.mp4,"[[5.0, 5.904]]",False,FALSE_NEGATIVE
test/077738.mp4,1,0,0.013875002041459,DEEPFAKE,REAL,1,0,test/077738.mp4,test/077738.mp4,test,1,1,1,1,8.64,213,1,136192,test/077737.mp4,"[[5.0, 5.904]]",False,FALSE_NEGATIVE
test/077696.mp4,1,0,0.0689722448587417,DEEPFAKE,REAL,1,0,test/077696.mp4,test/077696.mp4,test,1,1,1,1,4.672,114,1,72704,test/077695.mp4,"[[3.4, 4.154]]",False,FALSE_NEGATIVE
test/077727.mp4,1,0,0.0070784958079457,DEEPFAKE,REAL,1,0,test/077727.mp4,test/077727.mp4,test,1,1,0,1,7.744,191,1,121856,test/077725.mp4,"[[1.5, 1.7]]",False,FALSE_NEGATIVE
test/077728.mp4,1,0,0.0067827897146344,DEEPFAKE,REAL,1,0,test/077728.mp4,test/077728.mp4,test,1,0,1,1,7.872,194,1,123904,test/077725.mp4,"[[1.5, 1.844]]",False,FALSE_NEGATIVE
test/077916.mp4,1,0,0.4331811964511871,DEEPFAKE,REAL,1,0,test/077916.mp4,test/077916.mp4,test,1,0,1,1,4.608,112,1,71680,test/077913.mp4,"[[3.5, 3.844]]",False,FALSE_NEGATIVE
test/077915.mp4,1,0,0.0345973707735538,DEEPFAKE,REAL,1,0,test/077915.mp4,test/077915.mp4,test,1,1,0,1,4.48,109,1,69632,test/077913.mp4,"[[3.5, 3.7]]",False,FALSE_NEGATIVE
test/077914.mp4,1,0,0.4014042317867279,DEEPFAKE,REAL,1,0,test/077914.mp4,test/077914.mp4,test,1,1,1,1,4.928,120,1,76800,test/077913.mp4,"[[3.5, 4.164]]",False,FALSE_NEGATIVE
test/077925.mp4,1,0,0.0002024374407483,DEEPFAKE,REAL,1,0,test/077925.mp4,test/077925.mp4,test,1,1,1,1,6.272,152,1,98304,test/077924.mp4,"[[3.2, 4.194]]",False,FALSE_NEGATIVE
test/077967.mp4,1,0,0.0395428463816642,DEEPFAKE,REAL,1,0,test/077967.mp4,test/077967.mp4,test,1,1,1,1,4.864,118,1,75776,test/077966.mp4,"[[3.6, 4.504]]",False,FALSE_NEGATIVE
test/077968.mp4,1,0,0.1505895256996154,DEEPFAKE,REAL,1,0,test/077968.mp4,test/077968.mp4,test,1,1,0,1,4.288,103,1,66560,test/077966.mp4,"[[3.6, 3.88]]",False,FALSE_NEGATIVE
test/077969.mp4,1,0,0.0343707241117954,DEEPFAKE,REAL,1,0,test/077969.mp4,test/077969.mp4,test,1,0,1,1,4.864,118,1,75776,test/077966.mp4,"[[3.6, 4.504]]",False,FALSE_NEGATIVE
test/077920.mp4,1,0,0.3199975192546844,DEEPFAKE,REAL,1,0,test/077920.mp4,test/077920.mp4,test,1,1,1,1,4.928,119,1,76800,test/077919.mp4,"[[0.2, 1.224]]",False,FALSE_NEGATIVE
test/077927.mp4,1,0,0.0001673800870776,DEEPFAKE,REAL,1,0,test/077927.mp4,test/077927.mp4,test,1,0,1,1,6.272,152,1,98304,test/077924.mp4,"[[3.2, 4.194]]",False,FALSE_NEGATIVE
test/077926.mp4,1,0,0.00673170061782,DEEPFAKE,REAL,1,0,test/077926.mp4,test/077926.mp4,test,1,1,0,1,6.016,147,1,94208,test/077924.mp4,"[[3.2, 3.964]]",False,FALSE_NEGATIVE
test/078019.mp4,1,0,0.0789957270026207,DEEPFAKE,REAL,1,0,test/078019.mp4,test/078019.mp4,test,1,1,0,1,4.16,102,1,64512,test/078017.mp4,"[[2.5, 2.7]]",False,FALSE_NEGATIVE
test/078057.mp4,1,0,0.0865433365106582,DEEPFAKE,REAL,1,0,test/078057.mp4,test/078057.mp4,test,1,0,1,1,5.504,135,1,86016,test/078054.mp4,"[[2.4, 3.064]]",False,FALSE_NEGATIVE
test/078063.mp4,1,0,0.052280306816101,DEEPFAKE,REAL,1,0,test/078063.mp4,test/078063.mp4,test,1,1,1,1,5.632,137,1,88064,test/078062.mp4,"[[1.7, 2.574]]",False,FALSE_NEGATIVE
test/078061.mp4,1,0,0.4148331880569458,DEEPFAKE,REAL,1,0,test/078061.mp4,test/078061.mp4,test,1,0,1,1,8.256,204,1,130048,test/078058.mp4,"[[4.6, 5.504]]",False,FALSE_NEGATIVE
test/078018.mp4,1,0,0.3072527647018432,DEEPFAKE,REAL,1,0,test/078018.mp4,test/078018.mp4,test,1,1,1,1,4.672,115,1,72704,test/078017.mp4,"[[2.5, 3.254]]",False,FALSE_NEGATIVE
test/078068.mp4,1,0,0.0008273993153125,DEEPFAKE,REAL,1,0,test/078068.mp4,test/078068.mp4,test,1,1,0,1,4.8,116,1,74752,test/078066.mp4,"[[1.2, 1.48]]",False,FALSE_NEGATIVE
test/078073.mp4,1,0,0.1952745169401168,DEEPFAKE,REAL,1,0,test/078073.mp4,test/078073.mp4,test,1,0,1,1,5.76,141,1,90112,test/078070.mp4,"[[2.2, 2.744]]",False,FALSE_NEGATIVE
test/078067.mp4,1,0,0.0031783112790435,DEEPFAKE,REAL,1,0,test/078067.mp4,test/078067.mp4,test,1,1,1,1,5.376,131,1,83968,test/078066.mp4,"[[1.2, 2.104]]",False,FALSE_NEGATIVE
test/078079.mp4,1,0,0.0152802597731351,DEEPFAKE,REAL,1,0,test/078079.mp4,test/078079.mp4,test,1,1,1,1,7.616,188,1,119808,test/078078.mp4,"[[2.1, 2.884]]",False,FALSE_NEGATIVE
test/078091.mp4,1,0,0.1270264089107513,DEEPFAKE,REAL,1,0,test/078091.mp4,test/078091.mp4,test,1,1,1,1,5.824,141,1,91136,test/078090.mp4,"[[4.7, 5.424]]",False,FALSE_NEGATIVE
test/078098.mp4,1,0,0.0687391385436058,DEEPFAKE,REAL,1,0,test/078098.mp4,test/078098.mp4,test,1,1,1,1,17.664,438,1,280576,test/078094.mp4,"[[4.4, 5.034]]",False,FALSE_NEGATIVE
test/078069.mp4,1,0,0.0013037502067163,DEEPFAKE,REAL,1,0,test/078069.mp4,test/078069.mp4,test,1,0,1,1,5.376,131,1,83968,test/078066.mp4,"[[1.2, 2.104]]",False,FALSE_NEGATIVE
test/078143.mp4,1,0,0.0439258068799972,DEEPFAKE,REAL,1,0,test/078143.mp4,test/078143.mp4,test,1,0,1,1,6.464,157,1,101376,test/078140.mp4,"[[0.4, 1.094]]",False,FALSE_NEGATIVE
test/078071.mp4,1,0,0.2303365767002105,DEEPFAKE,REAL,1,0,test/078071.mp4,test/078071.mp4,test,1,1,1,1,5.76,141,1,90112,test/078070.mp4,"[[2.2, 2.744]]",False,FALSE_NEGATIVE
test/078182.mp4,1,0,0.1186543330550193,DEEPFAKE,REAL,1,0,test/078182.mp4,test/078182.mp4,test,1,0,1,1,6.656,163,1,104448,test/078179.mp4,"[[0.5, 1.324]]",False,FALSE_NEGATIVE
test/078185.mp4,1,0,0.0020035582128912,DEEPFAKE,REAL,1,0,test/078185.mp4,test/078185.mp4,test,1,1,0,1,6.08,149,1,95232,test/078183.mp4,"[[3.6, 3.8]]",False,FALSE_NEGATIVE
test/078184.mp4,1,0,0.0829958245158195,DEEPFAKE,REAL,1,0,test/078184.mp4,test/078184.mp4,test,1,1,1,1,6.4,157,1,100352,test/078183.mp4,"[[3.6, 4.114]]",False,FALSE_NEGATIVE
test/078191.mp4,1,0,0.0013504017842933,DEEPFAKE,REAL,1,0,test/078191.mp4,test/078191.mp4,test,1,0,1,1,14.272,354,1,226304,test/078188.mp4,"[[0.9, 2.044]]",False,FALSE_NEGATIVE
test/078215.mp4,1,0,0.1236998662352562,DEEPFAKE,REAL,1,0,test/078215.mp4,test/078215.mp4,test,1,1,1,1,4.608,111,1,71680,test/078214.mp4,"[[0.1, 0.734]]",False,FALSE_NEGATIVE
test/078217.mp4,1,0,0.032658502459526,DEEPFAKE,REAL,1,0,test/078217.mp4,test/078217.mp4,test,1,0,1,1,4.608,111,1,71680,test/078214.mp4,"[[0.1, 0.684]]",False,FALSE_NEGATIVE
test/078228.mp4,1,0,0.4271979033946991,DEEPFAKE,REAL,1,0,test/078228.mp4,test/078228.mp4,test,1,1,1,1,5.632,139,1,88064,test/078227.mp4,"[[1.1, 1.674]]",False,FALSE_NEGATIVE
test/078186.mp4,1,0,0.0209598783403635,DEEPFAKE,REAL,1,0,test/078186.mp4,test/078186.mp4,test,1,0,1,1,6.4,157,1,100352,test/078183.mp4,"[[3.6, 4.12]]",False,FALSE_NEGATIVE
test/078541.mp4,1,0,0.0758723393082618,DEEPFAKE,REAL,1,0,test/078541.mp4,test/078541.mp4,test,1,1,1,1,5.568,136,1,87040,test/078540.mp4,"[[3.7, 4.274]]",False,FALSE_NEGATIVE
test/078542.mp4,1,0,0.0825826376676559,DEEPFAKE,REAL,1,0,test/078542.mp4,test/078542.mp4,test,1,1,0,1,5.44,132,1,84992,test/078540.mp4,"[[3.7, 4.064]]",False,FALSE_NEGATIVE
test/078543.mp4,1,0,0.2453046441078186,DEEPFAKE,REAL,1,0,test/078543.mp4,test/078543.mp4,test,1,0,1,1,5.504,134,1,86016,test/078540.mp4,"[[3.7, 4.204]]",False,FALSE_NEGATIVE
test/078664.mp4,1,0,0.1748243123292923,DEEPFAKE,REAL,1,0,test/078664.mp4,test/078664.mp4,test,1,1,0,1,5.312,130,1,82944,test/078662.mp4,"[[3.6, 4.08]]",False,FALSE_NEGATIVE
test/078665.mp4,1,0,0.3166479468345642,DEEPFAKE,REAL,1,0,test/078665.mp4,test/078665.mp4,test,1,0,1,1,5.44,134,1,84992,test/078662.mp4,"[[3.6, 4.264]]",False,FALSE_NEGATIVE
test/078627.mp4,1,0,0.1572075337171554,DEEPFAKE,REAL,1,0,test/078627.mp4,test/078627.mp4,test,1,1,0,1,7.616,187,1,119808,test/078625.mp4,"[[3.8, 4.08]]",False,FALSE_NEGATIVE
test/090672.mp4,1,0,0.2081305831670761,DEEPFAKE,REAL,1,0,test/090672.mp4,test/090672.mp4,test,1,0,1,1,8.896,218,1,140288,test/090669.mp4,"[[1.0, 1.48]]",False,FALSE_NEGATIVE
test/091029.mp4,1,0,0.0034279192332178,DEEPFAKE,REAL,1,0,test/091029.mp4,test/091029.mp4,test,1,1,0,1,6.464,159,1,101376,test/091027.mp4,"[[3.1, 3.5]]",False,FALSE_NEGATIVE
test/091030.mp4,1,0,0.0010506430407986,DEEPFAKE,REAL,1,0,test/091030.mp4,test/091030.mp4,test,1,0,1,1,6.976,171,1,109568,test/091027.mp4,"[[3.1, 4.004]]",False,FALSE_NEGATIVE
test/091041.mp4,1,0,0.0193332023918628,DEEPFAKE,REAL,1,0,test/091041.mp4,test/091041.mp4,test,1,1,0,1,4.736,115,1,73728,test/091039.mp4,"[[2.1, 2.38]]",False,FALSE_NEGATIVE
test/091042.mp4,1,0,0.0079317856580019,DEEPFAKE,REAL,1,0,test/091042.mp4,test/091042.mp4,test,1,0,1,1,5.056,122,1,78848,test/091039.mp4,"[[2.1, 2.724]]",False,FALSE_NEGATIVE
test/091040.mp4,1,0,0.0513475090265274,DEEPFAKE,REAL,1,0,test/091040.mp4,test/091040.mp4,test,1,1,1,1,5.12,124,1,79872,test/091039.mp4,"[[2.1, 2.764]]",False,FALSE_NEGATIVE
test/091045.mp4,1,0,0.0034970371052622,DEEPFAKE,REAL,1,0,test/091045.mp4,test/091045.mp4,test,1,1,0,1,4.416,107,1,68608,test/091043.mp4,"[[0.9, 1.38]]",False,FALSE_NEGATIVE
test/091046.mp4,1,0,0.0848734229803085,DEEPFAKE,REAL,1,0,test/091046.mp4,test/091046.mp4,test,1,0,1,1,4.928,119,1,76800,test/091043.mp4,"[[0.9, 1.924]]",False,FALSE_NEGATIVE
test/091028.mp4,1,0,0.0539539158344268,DEEPFAKE,REAL,1,0,test/091028.mp4,test/091028.mp4,test,1,1,1,1,7.04,173,1,110592,test/091027.mp4,"[[3.1, 4.124]]",False,FALSE_NEGATIVE
test/091089.mp4,1,0,0.0758104175329208,DEEPFAKE,REAL,1,0,test/091089.mp4,test/091089.mp4,test,1,1,1,1,7.36,181,1,115712,test/091088.mp4,"[[1.4, 2.694]]",False,FALSE_NEGATIVE
test/091091.mp4,1,0,0.0674478262662887,DEEPFAKE,REAL,1,0,test/091091.mp4,test/091091.mp4,test,1,0,1,1,7.36,181,1,115712,test/091088.mp4,"[[1.4, 2.694]]",False,FALSE_NEGATIVE
test/091648.mp4,1,0,0.0315869487822055,DEEPFAKE,REAL,1,0,test/091648.mp4,test/091648.mp4,test,1,1,0,1,4.48,108,1,69632,test/091646.mp4,"[[1.9, 2.18]]",False,FALSE_NEGATIVE
test/091649.mp4,1,0,0.316313773393631,DEEPFAKE,REAL,1,0,test/091649.mp4,test/091649.mp4,test,1,0,1,1,4.992,120,1,77824,test/091646.mp4,"[[1.9, 2.684]]",False,FALSE_NEGATIVE
test/091857.mp4,1,0,0.0013773652026429,DEEPFAKE,REAL,1,0,test/091857.mp4,test/091857.mp4,test,1,0,1,1,5.184,127,1,80896,test/091854.mp4,"[[2.1, 2.604]]",False,FALSE_NEGATIVE
test/094658.mp4,1,0,0.0218444056808948,DEEPFAKE,REAL,1,0,test/094658.mp4,test/094658.mp4,test,1,1,1,1,6.016,147,1,94208,test/094657.mp4,"[[0.2, 1.104]]",False,FALSE_NEGATIVE
test/094659.mp4,1,0,0.0068212305195629,DEEPFAKE,REAL,1,0,test/094659.mp4,test/094659.mp4,test,1,1,0,1,5.44,132,1,84992,test/094657.mp4,"[[0.2, 0.48]]",False,FALSE_NEGATIVE
test/094660.mp4,1,0,0.0021630751434713,DEEPFAKE,REAL,1,0,test/094660.mp4,test/094660.mp4,test,1,0,1,1,6.016,147,1,94208,test/094657.mp4,"[[0.2, 1.104]]",False,FALSE_NEGATIVE
test/095668.mp4,1,0,0.197856605052948,DEEPFAKE,REAL,1,0,test/095668.mp4,test/095668.mp4,test,1,1,0,1,6.144,150,1,96256,test/095666.mp4,"[[0.3, 0.78]]",False,FALSE_NEGATIVE
test/095669.mp4,1,0,0.0181038584560155,DEEPFAKE,REAL,1,0,test/095669.mp4,test/095669.mp4,test,1,0,1,1,6.592,160,1,103424,test/095666.mp4,"[[0.3, 1.204]]",False,FALSE_NEGATIVE
test/095667.mp4,1,0,0.2765296995639801,DEEPFAKE,REAL,1,0,test/095667.mp4,test/095667.mp4,test,1,1,1,1,6.656,162,1,104448,test/095666.mp4,"[[0.3, 1.264]]",False,FALSE_NEGATIVE
test/096249.mp4,1,0,0.4714877605438232,DEEPFAKE,REAL,1,0,test/096249.mp4,test/096249.mp4,test,1,1,1,1,3.84,92,1,59392,test/096248.mp4,"[[0.6, 1.054]]",False,FALSE_NEGATIVE
test/104825.mp4,1,0,0.0107172401621937,DEEPFAKE,REAL,1,0,test/104825.mp4,test/104825.mp4,test,1,1,1,1,5.952,146,1,93184,test/104824.mp4,"[[2.5, 3.194]]",False,FALSE_NEGATIVE
test/104847.mp4,1,0,0.170575350522995,DEEPFAKE,REAL,1,0,test/104847.mp4,test/104847.mp4,test,1,0,1,1,6.336,156,1,99328,test/104844.mp4,"[[3.2, 4.304]]",False,FALSE_NEGATIVE
test/104991.mp4,1,0,0.0543531030416488,DEEPFAKE,REAL,1,0,test/104991.mp4,test/104991.mp4,test,1,1,0,1,4.672,113,1,72704,test/104989.mp4,"[[3.6, 3.8]]",False,FALSE_NEGATIVE
test/105106.mp4,1,0,0.0322358310222625,DEEPFAKE,REAL,1,0,test/105106.mp4,test/105106.mp4,test,1,1,1,1,7.808,193,1,122880,test/105105.mp4,"[[0.5, 1.254]]",False,FALSE_NEGATIVE
test/105108.mp4,1,0,0.4965966343879699,DEEPFAKE,REAL,1,0,test/105108.mp4,test/105108.mp4,test,1,0,1,1,7.744,191,1,121856,test/105105.mp4,"[[0.5, 1.204]]",False,FALSE_NEGATIVE
test/105164.mp4,1,0,0.3321900963783264,DEEPFAKE,REAL,1,0,test/105164.mp4,test/105164.mp4,test,1,1,0,2,13.184,327,1,208896,test/105162.mp4,"[[9.6, 9.88], [3.3, 3.58]]",False,FALSE_NEGATIVE
test/105167.mp4,1,0,0.1467503905296325,DEEPFAKE,REAL,1,0,test/105167.mp4,test/105167.mp4,test,1,1,0,1,13.12,324,1,207872,test/105162.mp4,"[[9.6, 9.88]]",False,FALSE_NEGATIVE
test/105168.mp4,1,0,0.394925445318222,DEEPFAKE,REAL,1,0,test/105168.mp4,test/105168.mp4,test,1,0,1,1,13.568,336,1,215040,test/105162.mp4,"[[9.6, 10.424]]",False,FALSE_NEGATIVE
test/105163.mp4,1,0,0.3089562356472015,DEEPFAKE,REAL,1,0,test/105163.mp4,test/105163.mp4,test,1,1,1,2,13.888,343,1,220160,test/105162.mp4,"[[9.6, 10.264], [3.3, 3.904]]",False,FALSE_NEGATIVE
test/105278.mp4,1,0,0.0341192632913589,DEEPFAKE,REAL,1,0,test/105278.mp4,test/105278.mp4,test,1,0,1,1,4.672,112,1,72704,test/105275.mp4,"[[1.0, 1.64]]",False,FALSE_NEGATIVE
test/105648.mp4,1,0,0.0040157344192266,DEEPFAKE,REAL,1,0,test/105648.mp4,test/105648.mp4,test,1,1,0,1,6.272,153,1,98304,test/105646.mp4,"[[3.8, 4.0]]",False,FALSE_NEGATIVE
test/105652.mp4,1,0,0.0033833747729659,DEEPFAKE,REAL,1,0,test/105652.mp4,test/105652.mp4,test,1,1,0,1,6.848,168,1,107520,test/105650.mp4,"[[5.3, 5.7]]",False,FALSE_NEGATIVE
test/105651.mp4,1,0,0.3288849592208862,DEEPFAKE,REAL,1,0,test/105651.mp4,test/105651.mp4,test,1,1,1,1,7.424,182,1,116736,test/105650.mp4,"[[5.3, 6.324]]",False,FALSE_NEGATIVE
test/105653.mp4,1,0,0.0004484419187065,DEEPFAKE,REAL,1,0,test/105653.mp4,test/105653.mp4,test,1,0,1,1,7.36,180,1,115712,test/105650.mp4,"[[5.3, 6.204]]",False,FALSE_NEGATIVE
test/105656.mp4,1,0,0.0090711684897542,DEEPFAKE,REAL,1,0,test/105656.mp4,test/105656.mp4,test,1,1,0,1,7.68,189,1,120832,test/105654.mp4,"[[2.8, 3.0]]",False,FALSE_NEGATIVE
test/105661.mp4,1,0,0.0031251576729118,DEEPFAKE,REAL,1,0,test/105661.mp4,test/105661.mp4,test,1,0,1,1,5.824,144,1,91136,test/105658.mp4,"[[4.2, 5.064]]",False,FALSE_NEGATIVE
test/105664.mp4,1,0,0.4405852556228637,DEEPFAKE,REAL,1,0,test/105664.mp4,test/105664.mp4,test,1,1,0,1,5.184,125,1,80896,test/105662.mp4,"[[0.7, 1.02]]",False,FALSE_NEGATIVE
test/105659.mp4,1,0,0.0087115569040179,DEEPFAKE,REAL,1,0,test/105659.mp4,test/105659.mp4,test,1,1,1,1,5.824,144,1,91136,test/105658.mp4,"[[4.2, 5.074]]",False,FALSE_NEGATIVE
test/105674.mp4,1,0,0.026797879487276,DEEPFAKE,REAL,1,0,test/105674.mp4,test/105674.mp4,test,1,0,1,1,5.056,124,1,78848,test/105671.mp4,"[[0.8, 1.824]]",False,FALSE_NEGATIVE
test/105922.mp4,1,0,0.0739702880382537,DEEPFAKE,REAL,1,0,test/105922.mp4,test/105922.mp4,test,1,1,0,1,10.752,266,1,169984,test/105917.mp4,"[[5.7, 5.98]]",False,FALSE_NEGATIVE
test/105918.mp4,1,0,0.2150670289993286,DEEPFAKE,REAL,1,0,test/105918.mp4,test/105918.mp4,test,1,1,1,2,11.968,297,1,189440,test/105917.mp4,"[[5.7, 6.514], [1.3, 2.174]]",False,FALSE_NEGATIVE
test/105923.mp4,1,0,0.0632050037384033,DEEPFAKE,REAL,1,0,test/105923.mp4,test/105923.mp4,test,1,0,1,1,11.456,283,1,181248,test/105917.mp4,"[[5.7, 6.684]]",False,FALSE_NEGATIVE
test/106119.mp4,1,0,0.0163967031985521,DEEPFAKE,REAL,1,0,test/106119.mp4,test/106119.mp4,test,1,0,1,1,6.4,157,1,100352,test/106116.mp4,"[[3.2, 4.12]]",False,FALSE_NEGATIVE
test/106117.mp4,1,0,0.4083973467350006,DEEPFAKE,REAL,1,0,test/106117.mp4,test/106117.mp4,test,1,1,1,1,6.336,155,1,99328,test/106116.mp4,"[[3.2, 4.044]]",False,FALSE_NEGATIVE
test/106118.mp4,1,0,0.2766781151294708,DEEPFAKE,REAL,1,0,test/106118.mp4,test/106118.mp4,test,1,1,0,1,5.696,139,1,89088,test/106116.mp4,"[[3.2, 3.4]]",False,FALSE_NEGATIVE
test/106174.mp4,1,0,0.0110372742637991,DEEPFAKE,REAL,1,0,test/106174.mp4,test/106174.mp4,test,1,1,0,1,6.144,150,1,96256,test/106172.mp4,"[[0.2, 0.6]]",False,FALSE_NEGATIVE
test/114445.mp4,1,0,0.4101775586605072,DEEPFAKE,REAL,1,0,test/114445.mp4,test/114445.mp4,test,1,1,0,1,4.48,109,1,69632,test/114443.mp4,"[[3.3, 3.664]]",False,FALSE_NEGATIVE
test/115173.mp4,1,0,0.0223931092768907,DEEPFAKE,REAL,1,0,test/115173.mp4,test/115173.mp4,test,1,1,0,1,4.736,115,1,73728,test/115171.mp4,"[[3.0, 3.2]]",False,FALSE_NEGATIVE
test/115176.mp4,1,0,0.1778045296669006,DEEPFAKE,REAL,1,0,test/115176.mp4,test/115176.mp4,test,1,1,1,1,5.376,132,1,83968,test/115175.mp4,"[[0.5, 1.164]]",False,FALSE_NEGATIVE
test/115183.mp4,1,0,0.0081298043951392,DEEPFAKE,REAL,1,0,test/115183.mp4,test/115183.mp4,test,1,0,1,1,8.384,206,1,132096,test/115180.mp4,"[[0.5, 1.204]]",False,FALSE_NEGATIVE
test/115174.mp4,1,0,0.0164688639342784,DEEPFAKE,REAL,1,0,test/115174.mp4,test/115174.mp4,test,1,0,1,1,5.248,127,1,81920,test/115171.mp4,"[[3.0, 3.68]]",False,FALSE_NEGATIVE
test/115172.mp4,1,0,0.0024067824706435,DEEPFAKE,REAL,1,0,test/115172.mp4,test/115172.mp4,test,1,1,1,1,5.184,126,1,80896,test/115171.mp4,"[[3.0, 3.664]]",False,FALSE_NEGATIVE
test/115181.mp4,1,0,0.0328231044113636,DEEPFAKE,REAL,1,0,test/115181.mp4,test/115181.mp4,test,1,1,1,1,8.448,208,1,133120,test/115180.mp4,"[[0.5, 1.224]]",False,FALSE_NEGATIVE
test/125319.mp4,1,0,0.120752140879631,DEEPFAKE,REAL,1,0,test/125319.mp4,test/125319.mp4,test,1,0,1,1,7.616,187,1,119808,test/125316.mp4,"[[2.2, 3.104]]",False,FALSE_NEGATIVE
test/125394.mp4,1,0,0.0184491518884897,DEEPFAKE,REAL,1,0,test/125394.mp4,test/125394.mp4,test,1,1,0,1,14.976,371,1,237568,test/125389.mp4,"[[9.4, 9.68]]",False,FALSE_NEGATIVE
test/125412.mp4,1,0,0.0037631213199347,DEEPFAKE,REAL,1,0,test/125412.mp4,test/125412.mp4,test,1,1,0,1,4.544,110,1,70656,test/125410.mp4,"[[3.1, 3.38]]",False,FALSE_NEGATIVE
test/125411.mp4,1,0,0.005015988368541,DEEPFAKE,REAL,1,0,test/125411.mp4,test/125411.mp4,test,1,1,1,1,4.928,119,1,76800,test/125410.mp4,"[[3.1, 3.794]]",False,FALSE_NEGATIVE
test/125419.mp4,1,0,0.0012814678484573,DEEPFAKE,REAL,1,0,test/125419.mp4,test/125419.mp4,test,1,1,1,1,8.448,209,1,133120,test/125418.mp4,"[[1.5, 2.224]]",False,FALSE_NEGATIVE
test/125420.mp4,1,0,0.0696675181388855,DEEPFAKE,REAL,1,0,test/125420.mp4,test/125420.mp4,test,1,1,0,1,8.128,201,1,128000,test/125418.mp4,"[[1.5, 1.9]]",False,FALSE_NEGATIVE
test/125421.mp4,1,0,0.055344995111227,DEEPFAKE,REAL,1,0,test/125421.mp4,test/125421.mp4,test,1,0,1,1,8.32,205,1,131072,test/125418.mp4,"[[1.5, 2.124]]",False,FALSE_NEGATIVE
test/125438.mp4,1,0,0.0286017395555973,DEEPFAKE,REAL,1,0,test/125438.mp4,test/125438.mp4,test,1,1,1,1,4.544,111,1,70656,test/125437.mp4,"[[1.9, 2.624]]",False,FALSE_NEGATIVE
test/125444.mp4,1,0,0.0797704309225082,DEEPFAKE,REAL,1,0,test/125444.mp4,test/125444.mp4,test,1,0,1,2,17.152,425,1,272384,test/125441.mp4,"[[9.3, 10.324], [0.9, 1.594]]",False,FALSE_NEGATIVE
test/125446.mp4,1,0,0.2586545050144195,DEEPFAKE,REAL,1,0,test/125446.mp4,test/125446.mp4,test,1,1,0,1,16.0,397,1,253952,test/125441.mp4,"[[9.3, 9.58]]",False,FALSE_NEGATIVE
test/125456.mp4,1,0,0.0085446136072278,DEEPFAKE,REAL,1,0,test/125456.mp4,test/125456.mp4,test,1,1,1,1,5.76,141,1,90112,test/125455.mp4,"[[1.5, 2.194]]",False,FALSE_NEGATIVE
test/125409.mp4,1,0,0.0046607251279056,DEEPFAKE,REAL,1,0,test/125409.mp4,test/125409.mp4,test,1,0,1,1,13.12,325,1,207872,test/125403.mp4,"[[5.2, 5.774]]",False,FALSE_NEGATIVE
test/125408.mp4,1,0,0.0237136129289865,DEEPFAKE,REAL,1,0,test/125408.mp4,test/125408.mp4,test,1,1,0,1,12.928,321,1,204800,test/125403.mp4,"[[5.2, 5.564]]",False,FALSE_NEGATIVE
test/125457.mp4,1,0,0.1351529359817505,DEEPFAKE,REAL,1,0,test/125457.mp4,test/125457.mp4,test,1,1,0,1,5.312,130,1,82944,test/125455.mp4,"[[1.5, 1.7]]",False,FALSE_NEGATIVE
test/125458.mp4,1,0,0.0250287447124719,DEEPFAKE,REAL,1,0,test/125458.mp4,test/125458.mp4,test,1,0,1,1,5.44,133,1,84992,test/125455.mp4,"[[1.5, 1.844]]",False,FALSE_NEGATIVE
test/125660.mp4,1,0,0.1790702193975448,DEEPFAKE,REAL,1,0,test/125660.mp4,test/125660.mp4,test,1,0,1,1,5.44,132,1,84992,test/125657.mp4,"[[2.3, 2.924]]",False,FALSE_NEGATIVE
test/126100.mp4,1,0,0.0144263310357928,DEEPFAKE,REAL,1,0,test/126100.mp4,test/126100.mp4,test,1,0,1,1,4.608,113,1,71680,test/126097.mp4,"[[2.7, 3.444]]",False,FALSE_NEGATIVE
test/126111.mp4,1,0,0.0030141912866383,DEEPFAKE,REAL,1,0,test/126111.mp4,test/126111.mp4,test,1,0,1,1,4.48,109,1,69632,test/126108.mp4,"[[0.7, 0.964]]",False,FALSE_NEGATIVE
test/126115.mp4,1,0,0.2023814469575882,DEEPFAKE,REAL,1,0,test/126115.mp4,test/126115.mp4,test,1,0,1,2,13.952,347,1,221184,test/126112.mp4,"[[0.4, 1.034], [11.334, 12.094]]",False,FALSE_NEGATIVE
test/126114.mp4,1,0,0.3804658353328705,DEEPFAKE,REAL,1,0,test/126114.mp4,test/126114.mp4,test,1,1,0,2,13.312,330,1,210944,test/126112.mp4,"[[0.4, 0.964], [11.264, 11.464]]",False,FALSE_NEGATIVE
test/126116.mp4,1,0,0.3099404573440552,DEEPFAKE,REAL,1,0,test/126116.mp4,test/126116.mp4,test,1,1,1,1,13.376,331,1,211968,test/126112.mp4,"[[0.4, 1.064]]",False,FALSE_NEGATIVE
test/126123.mp4,1,0,0.4415867030620575,DEEPFAKE,REAL,1,0,test/126123.mp4,test/126123.mp4,test,1,1,1,1,14.016,347,1,222208,test/126119.mp4,"[[0.9, 1.744]]",False,FALSE_NEGATIVE
test/126099.mp4,1,0,0.0064356904476881,DEEPFAKE,REAL,1,0,test/126099.mp4,test/126099.mp4,test,1,1,0,1,4.608,113,1,71680,test/126097.mp4,"[[2.7, 3.464]]",False,FALSE_NEGATIVE
test/126098.mp4,1,0,0.0677397027611732,DEEPFAKE,REAL,1,0,test/126098.mp4,test/126098.mp4,test,1,1,1,1,4.672,114,1,72704,test/126097.mp4,"[[2.7, 3.484]]",False,FALSE_NEGATIVE
test/126144.mp4,1,0,0.0285424478352069,DEEPFAKE,REAL,1,0,test/126144.mp4,test/126144.mp4,test,1,1,1,1,8.576,210,1,135168,test/126143.mp4,"[[3.3, 4.084]]",False,FALSE_NEGATIVE
test/126145.mp4,1,0,0.1228352934122085,DEEPFAKE,REAL,1,0,test/126145.mp4,test/126145.mp4,test,1,1,0,1,8.064,198,1,126976,test/126143.mp4,"[[3.3, 3.58]]",False,FALSE_NEGATIVE
test/126146.mp4,1,0,0.0321389101445674,DEEPFAKE,REAL,1,0,test/126146.mp4,test/126146.mp4,test,1,0,1,1,8.512,209,1,134144,test/126143.mp4,"[[3.3, 4.044]]",False,FALSE_NEGATIVE
test/126117.mp4,1,0,0.1563862711191177,DEEPFAKE,REAL,1,0,test/126117.mp4,test/126117.mp4,test,1,1,0,1,13.248,328,1,209920,test/126112.mp4,"[[0.4, 0.964]]",False,FALSE_NEGATIVE
test/126542.mp4,1,0,0.0809720084071159,DEEPFAKE,REAL,1,0,test/126542.mp4,test/126542.mp4,test,1,1,0,1,5.248,128,1,81920,test/126540.mp4,"[[1.9, 2.18]]",False,FALSE_NEGATIVE
test/126541.mp4,1,0,0.0485059581696987,DEEPFAKE,REAL,1,0,test/126541.mp4,test/126541.mp4,test,1,1,1,1,5.568,135,1,87040,test/126540.mp4,"[[1.9, 2.504]]",False,FALSE_NEGATIVE
test/126555.mp4,1,0,0.0208976380527019,DEEPFAKE,REAL,1,0,test/126555.mp4,test/126555.mp4,test,1,1,1,1,5.504,135,1,86016,test/126554.mp4,"[[2.0, 2.574]]",False,FALSE_NEGATIVE
test/126557.mp4,1,0,4.319116851547733e-05,DEEPFAKE,REAL,1,0,test/126557.mp4,test/126557.mp4,test,1,0,1,1,5.504,135,1,86016,test/126554.mp4,"[[2.0, 2.544]]",False,FALSE_NEGATIVE
test/126561.mp4,1,0,0.4226064085960388,DEEPFAKE,REAL,1,0,test/126561.mp4,test/126561.mp4,test,1,0,1,1,6.912,170,1,108544,test/126558.mp4,"[[3.8, 4.704]]",False,FALSE_NEGATIVE
test/126869.mp4,1,0,0.0137818586081266,DEEPFAKE,REAL,1,0,test/126869.mp4,test/126869.mp4,test,1,0,1,1,7.232,176,1,113664,test/126866.mp4,"[[5.3, 6.084]]",False,FALSE_NEGATIVE
test/126873.mp4,1,0,0.0200936179608106,DEEPFAKE,REAL,1,0,test/126873.mp4,test/126873.mp4,test,1,1,0,1,6.4,156,1,100352,test/126871.mp4,"[[2.5, 2.78]]",False,FALSE_NEGATIVE
test/126877.mp4,1,0,0.4215281903743744,DEEPFAKE,REAL,1,0,test/126877.mp4,test/126877.mp4,test,1,1,0,1,6.592,162,1,103424,test/126875.mp4,"[[4.1, 4.38]]",False,FALSE_NEGATIVE
test/129891.mp4,1,0,0.1001350879669189,DEEPFAKE,REAL,1,0,test/129891.mp4,test/129891.mp4,test,1,1,1,1,11.456,284,1,181248,test/129887.mp4,"[[0.7, 1.454]]",False,FALSE_NEGATIVE
test/129988.mp4,1,0,0.2615140974521637,DEEPFAKE,REAL,1,0,test/129988.mp4,test/129988.mp4,test,1,1,1,1,11.904,293,1,188416,test/129987.mp4,"[[2.9, 3.744]]",False,FALSE_NEGATIVE
test/129990.mp4,1,0,0.3306403756141662,DEEPFAKE,REAL,1,0,test/129990.mp4,test/129990.mp4,test,1,0,1,1,11.84,291,1,187392,test/129987.mp4,"[[2.9, 3.724]]",False,FALSE_NEGATIVE
test/129989.mp4,1,0,0.0011092498898506,DEEPFAKE,REAL,1,0,test/129989.mp4,test/129989.mp4,test,1,1,0,1,11.52,284,1,182272,test/129987.mp4,"[[2.9, 3.38]]",False,FALSE_NEGATIVE
test/130584.mp4,1,0,0.1025860235095024,DEEPFAKE,REAL,1,0,test/130584.mp4,test/130584.mp4,test,1,1,1,1,5.952,145,1,93184,test/130583.mp4,"[[0.5, 1.164]]",False,FALSE_NEGATIVE
test/130594.mp4,1,0,0.0008444226696155,DEEPFAKE,REAL,1,0,test/130594.mp4,test/130594.mp4,test,1,0,1,1,5.184,126,1,80896,test/130591.mp4,"[[2.1, 2.564]]",False,FALSE_NEGATIVE
test/130593.mp4,1,0,0.0011325769592076,DEEPFAKE,REAL,1,0,test/130593.mp4,test/130593.mp4,test,1,1,0,1,4.992,122,1,77824,test/130591.mp4,"[[2.1, 2.38]]",False,FALSE_NEGATIVE
test/130592.mp4,1,0,0.0549957007169723,DEEPFAKE,REAL,1,0,test/130592.mp4,test/130592.mp4,test,1,1,1,1,5.184,126,1,80896,test/130591.mp4,"[[2.1, 2.584]]",False,FALSE_NEGATIVE
test/130769.mp4,1,0,0.0141880298033356,DEEPFAKE,REAL,1,0,test/130769.mp4,test/130769.mp4,test,1,1,0,1,8.256,203,1,130048,test/130767.mp4,"[[0.1, 0.38]]",False,FALSE_NEGATIVE
test/130780.mp4,1,0,0.2158197313547134,DEEPFAKE,REAL,1,0,test/130780.mp4,test/130780.mp4,test,1,1,1,1,5.696,138,1,89088,test/130779.mp4,"[[2.3, 2.964]]",False,FALSE_NEGATIVE
test/130782.mp4,1,0,0.0240735989063978,DEEPFAKE,REAL,1,0,test/130782.mp4,test/130782.mp4,test,1,0,1,1,5.632,136,1,88064,test/130779.mp4,"[[2.3, 2.924]]",False,FALSE_NEGATIVE
test/130816.mp4,1,0,0.0568842142820358,DEEPFAKE,REAL,1,0,test/130816.mp4,test/130816.mp4,test,1,0,1,1,4.544,111,1,70656,test/130813.mp4,"[[1.9, 2.204]]",False,FALSE_NEGATIVE
test/130781.mp4,1,0,0.0680685713887214,DEEPFAKE,REAL,1,0,test/130781.mp4,test/130781.mp4,test,1,1,0,1,5.312,129,1,82944,test/130779.mp4,"[[2.3, 2.58]]",False,FALSE_NEGATIVE
test/131260.mp4,1,0,0.3619497716426849,DEEPFAKE,REAL,1,0,test/131260.mp4,test/131260.mp4,test,1,0,1,1,9.024,221,1,142336,test/131257.mp4,"[[7.3, 7.804]]",False,FALSE_NEGATIVE
test/131271.mp4,1,0,0.4332521855831146,DEEPFAKE,REAL,1,0,test/131271.mp4,test/131271.mp4,test,1,0,1,1,4.8,116,1,74752,test/131268.mp4,"[[2.5, 3.244]]",False,FALSE_NEGATIVE
test/131439.mp4,1,0,0.3135007917881012,DEEPFAKE,REAL,1,0,test/131439.mp4,test/131439.mp4,test,1,1,1,1,6.976,171,1,109568,test/131438.mp4,"[[5.4, 6.244]]",False,FALSE_NEGATIVE
test/131583.mp4,1,0,0.0007245074375532,DEEPFAKE,REAL,1,0,test/131583.mp4,test/131583.mp4,test,1,0,1,1,8.96,222,1,141312,test/131580.mp4,"[[2.0, 2.864]]",False,FALSE_NEGATIVE
test/131581.mp4,1,0,0.0008348316187039,DEEPFAKE,REAL,1,0,test/131581.mp4,test/131581.mp4,test,1,1,1,1,9.024,223,1,142336,test/131580.mp4,"[[2.0, 2.904]]",False,FALSE_NEGATIVE
test/131582.mp4,1,0,0.0005614017136394,DEEPFAKE,REAL,1,0,test/131582.mp4,test/131582.mp4,test,1,1,0,1,8.64,213,1,136192,test/131580.mp4,"[[2.0, 2.48]]",False,FALSE_NEGATIVE
test/131590.mp4,1,0,0.3879634439945221,DEEPFAKE,REAL,1,0,test/131590.mp4,test/131590.mp4,test,1,0,1,1,19.328,479,1,307200,test/131584.mp4,"[[8.8, 9.544]]",False,FALSE_NEGATIVE
test/131588.mp4,1,0,0.0020334299188107,DEEPFAKE,REAL,1,0,test/131588.mp4,test/131588.mp4,test,1,1,1,1,19.328,479,1,307200,test/131584.mp4,"[[8.8, 9.554]]",False,FALSE_NEGATIVE
test/131599.mp4,1,0,0.1167792379856109,DEEPFAKE,REAL,1,0,test/131599.mp4,test/131599.mp4,test,1,1,1,1,5.312,131,1,82944,test/131598.mp4,"[[2.7, 3.574]]",False,FALSE_NEGATIVE
test/131601.mp4,1,0,0.125469833612442,DEEPFAKE,REAL,1,0,test/131601.mp4,test/131601.mp4,test,1,0,1,1,4.864,120,1,75776,test/131598.mp4,"[[2.7, 3.124]]",False,FALSE_NEGATIVE
test/131597.mp4,1,0,0.4746237099170685,DEEPFAKE,REAL,1,0,test/131597.mp4,test/131597.mp4,test,1,0,1,1,13.056,323,1,206848,test/131591.mp4,"[[12.0, 12.724]]",False,FALSE_NEGATIVE
test/131595.mp4,1,0,0.3400903344154358,DEEPFAKE,REAL,1,0,test/131595.mp4,test/131595.mp4,test,1,1,1,1,13.056,323,1,206848,test/131591.mp4,"[[12.0, 12.724]]",False,FALSE_NEGATIVE
test/131596.mp4,1,0,0.3272916376590729,DEEPFAKE,REAL,1,0,test/131596.mp4,test/131596.mp4,test,1,1,0,1,12.736,315,1,201728,test/131591.mp4,"[[12.0, 12.4]]",False,FALSE_NEGATIVE
test/131646.mp4,1,0,0.0011941259726881,DEEPFAKE,REAL,1,0,test/131646.mp4,test/131646.mp4,test,1,1,1,1,5.184,125,1,80896,test/131645.mp4,"[[3.3, 3.874]]",False,FALSE_NEGATIVE
test/131647.mp4,1,0,0.0004767387290485,DEEPFAKE,REAL,1,0,test/131647.mp4,test/131647.mp4,test,1,1,0,1,4.928,119,1,76800,test/131645.mp4,"[[3.3, 3.58]]",False,FALSE_NEGATIVE
test/131648.mp4,1,0,0.0004461622447706,DEEPFAKE,REAL,1,0,test/131648.mp4,test/131648.mp4,test,1,0,1,1,5.184,125,1,80896,test/131645.mp4,"[[3.3, 3.844]]",False,FALSE_NEGATIVE
test/131600.mp4,1,0,0.000531920173671,DEEPFAKE,REAL,1,0,test/131600.mp4,test/131600.mp4,test,1,1,0,1,4.672,115,1,72704,test/131598.mp4,"[[2.7, 2.9]]",False,FALSE_NEGATIVE
test/131702.mp4,1,0,0.0253764279186725,DEEPFAKE,REAL,1,0,test/131702.mp4,test/131702.mp4,test,1,1,1,1,8.0,196,1,125952,test/131701.mp4,"[[0.8, 1.494]]",False,FALSE_NEGATIVE
test/131704.mp4,1,0,0.0060943784192204,DEEPFAKE,REAL,1,0,test/131704.mp4,test/131704.mp4,test,1,0,1,1,8.0,197,1,125952,test/131701.mp4,"[[0.8, 1.494]]",False,FALSE_NEGATIVE
test/131708.mp4,1,0,0.0047891163267195,DEEPFAKE,REAL,1,0,test/131708.mp4,test/131708.mp4,test,1,1,0,1,12.8,316,1,202752,test/131706.mp4,"[[5.4, 5.68]]",False,FALSE_NEGATIVE
test/131707.mp4,1,0,0.0222844202071428,DEEPFAKE,REAL,1,0,test/131707.mp4,test/131707.mp4,test,1,1,1,1,13.056,323,1,206848,test/131706.mp4,"[[5.4, 6.034]]",False,FALSE_NEGATIVE
test/131709.mp4,1,0,0.017497157678008,DEEPFAKE,REAL,1,0,test/131709.mp4,test/131709.mp4,test,1,0,1,1,13.056,323,1,206848,test/131706.mp4,"[[5.4, 5.984]]",False,FALSE_NEGATIVE
test/131998.mp4,1,0,0.0135094877332448,DEEPFAKE,REAL,1,0,test/131998.mp4,test/131998.mp4,test,1,1,0,1,4.672,113,1,72704,test/131996.mp4,"[[2.8, 3.08]]",False,FALSE_NEGATIVE
test/132015.mp4,1,0,0.0402934625744819,DEEPFAKE,REAL,1,0,test/132015.mp4,test/132015.mp4,test,1,1,0,1,4.864,118,1,75776,test/132013.mp4,"[[1.2, 1.48]]",False,FALSE_NEGATIVE
test/132016.mp4,1,0,0.0010584682459011,DEEPFAKE,REAL,1,0,test/132016.mp4,test/132016.mp4,test,1,0,1,1,5.12,125,1,79872,test/132013.mp4,"[[1.2, 1.784]]",False,FALSE_NEGATIVE
test/133952.mp4,1,0,0.0002227680233772,DEEPFAKE,REAL,1,0,test/133952.mp4,test/133952.mp4,test,1,1,0,1,4.288,105,1,66560,test/133950.mp4,"[[0.5, 0.7]]",False,FALSE_NEGATIVE
test/133961.mp4,1,0,0.0489249862730503,DEEPFAKE,REAL,1,0,test/133961.mp4,test/133961.mp4,test,1,1,0,1,4.48,108,1,69632,test/133959.mp4,"[[0.2, 0.4]]",False,FALSE_NEGATIVE
test/133960.mp4,1,0,0.1123928800225257,DEEPFAKE,REAL,1,0,test/133960.mp4,test/133960.mp4,test,1,1,1,1,5.184,125,1,80896,test/133959.mp4,"[[0.2, 1.104]]",False,FALSE_NEGATIVE
test/133962.mp4,1,0,0.010751836001873,DEEPFAKE,REAL,1,0,test/133962.mp4,test/133962.mp4,test,1,0,1,1,5.312,128,1,82944,test/133959.mp4,"[[0.2, 1.2]]",False,FALSE_NEGATIVE
test/133965.mp4,1,0,0.1953037530183792,DEEPFAKE,REAL,1,0,test/133965.mp4,test/133965.mp4,test,1,1,0,1,4.48,109,1,69632,test/133963.mp4,"[[1.3, 1.78]]",False,FALSE_NEGATIVE
test/133968.mp4,1,0,0.2491215169429779,DEEPFAKE,REAL,1,0,test/133968.mp4,test/133968.mp4,test,1,1,1,1,6.208,152,1,97280,test/133967.mp4,"[[4.8, 5.764]]",False,FALSE_NEGATIVE
test/133970.mp4,1,0,0.2870778143405914,DEEPFAKE,REAL,1,0,test/133970.mp4,test/133970.mp4,test,1,0,1,1,6.272,154,1,98304,test/133967.mp4,"[[4.8, 5.84]]",False,FALSE_NEGATIVE
test/133969.mp4,1,0,0.089032307267189,DEEPFAKE,REAL,1,0,test/133969.mp4,test/133969.mp4,test,1,1,0,1,5.44,133,1,84992,test/133967.mp4,"[[4.8, 5.0]]",False,FALSE_NEGATIVE
test/133973.mp4,1,0,0.0026768906973302,DEEPFAKE,REAL,1,0,test/133973.mp4,test/133973.mp4,test,1,1,0,1,4.8,117,1,74752,test/133971.mp4,"[[2.1, 2.3]]",False,FALSE_NEGATIVE
test/133974.mp4,1,0,0.0041800523176789,DEEPFAKE,REAL,1,0,test/133974.mp4,test/133974.mp4,test,1,0,1,1,4.928,120,1,76800,test/133971.mp4,"[[2.1, 2.444]]",False,FALSE_NEGATIVE
test/133989.mp4,1,0,0.1169689148664474,DEEPFAKE,REAL,1,0,test/133989.mp4,test/133989.mp4,test,1,1,0,1,4.224,102,1,65536,test/133987.mp4,"[[1.5, 2.064]]",False,FALSE_NEGATIVE
test/133985.mp4,1,0,0.0758901387453079,DEEPFAKE,REAL,1,0,test/133985.mp4,test/133985.mp4,test,1,1,0,1,6.784,167,1,106496,test/133983.mp4,"[[3.4, 3.864]]",False,FALSE_NEGATIVE
test/133988.mp4,1,0,0.0050793909467756,DEEPFAKE,REAL,1,0,test/133988.mp4,test/133988.mp4,test,1,1,1,1,4.544,110,1,70656,test/133987.mp4,"[[1.5, 2.404]]",False,FALSE_NEGATIVE
test/133990.mp4,1,0,0.0051595447584986,DEEPFAKE,REAL,1,0,test/133990.mp4,test/133990.mp4,test,1,0,1,1,4.416,107,1,68608,test/133987.mp4,"[[1.5, 2.324]]",False,FALSE_NEGATIVE
test/133951.mp4,1,0,0.151678666472435,DEEPFAKE,REAL,1,0,test/133951.mp4,test/133951.mp4,test,1,1,1,1,4.992,122,1,77824,test/133950.mp4,"[[0.5, 1.404]]",False,FALSE_NEGATIVE
test/133953.mp4,1,0,0.001118803047575,DEEPFAKE,REAL,1,0,test/133953.mp4,test/133953.mp4,test,1,0,1,1,4.48,110,1,69632,test/133950.mp4,"[[0.5, 0.924]]",False,FALSE_NEGATIVE
test/133993.mp4,1,0,0.1110570654273033,DEEPFAKE,REAL,1,0,test/133993.mp4,test/133993.mp4,test,1,1,0,1,5.12,124,1,79872,test/133991.mp4,"[[0.4, 0.68]]",False,FALSE_NEGATIVE
test/134112.mp4,1,0,0.0550057329237461,DEEPFAKE,REAL,1,0,test/134112.mp4,test/134112.mp4,test,1,1,0,1,4.992,123,1,77824,test/134110.mp4,"[[0.7, 1.1]]",False,FALSE_NEGATIVE
test/134113.mp4,1,0,0.0620320551097393,DEEPFAKE,REAL,1,0,test/134113.mp4,test/134113.mp4,test,1,0,1,1,5.376,132,1,83968,test/134110.mp4,"[[0.7, 1.484]]",False,FALSE_NEGATIVE
test/134244.mp4,1,0,0.055623386055231,DEEPFAKE,REAL,1,0,test/134244.mp4,test/134244.mp4,test,1,0,1,1,5.696,140,1,89088,test/134241.mp4,"[[1.1, 2.084]]",False,FALSE_NEGATIVE
test/134392.mp4,1,0,0.1500712633132934,DEEPFAKE,REAL,1,0,test/134392.mp4,test/134392.mp4,test,1,1,0,1,5.248,128,1,81920,test/134390.mp4,"[[1.9, 2.1]]",False,FALSE_NEGATIVE
test/134463.mp4,1,0,0.0471185185015201,DEEPFAKE,REAL,1,0,test/134463.mp4,test/134463.mp4,test,1,0,1,1,5.12,123,1,79872,test/134460.mp4,"[[1.6, 2.6]]",False,FALSE_NEGATIVE
test/134391.mp4,1,0,0.3389346897602081,DEEPFAKE,REAL,1,0,test/134391.mp4,test/134391.mp4,test,1,1,1,1,5.632,137,1,88064,test/134390.mp4,"[[1.9, 2.534]]",False,FALSE_NEGATIVE
test/134630.mp4,1,0,0.0068560172803699,DEEPFAKE,REAL,1,0,test/134630.mp4,test/134630.mp4,test,1,1,1,1,6.208,151,1,97280,test/134629.mp4,"[[1.7, 2.364]]",False,FALSE_NEGATIVE
test/134624.mp4,1,0,0.4083617925643921,DEEPFAKE,REAL,1,0,test/134624.mp4,test/134624.mp4,test,1,0,1,1,6.656,164,1,104448,test/134621.mp4,"[[0.4, 1.904]]",False,FALSE_NEGATIVE
test/134631.mp4,1,0,9.902592864818872e-05,DEEPFAKE,REAL,1,0,test/134631.mp4,test/134631.mp4,test,1,1,0,1,5.824,142,1,91136,test/134629.mp4,"[[1.7, 1.98]]",False,FALSE_NEGATIVE
test/134632.mp4,1,0,0.0302985459566116,DEEPFAKE,REAL,1,0,test/134632.mp4,test/134632.mp4,test,1,0,1,1,6.144,149,1,96256,test/134629.mp4,"[[1.7, 2.324]]",False,FALSE_NEGATIVE
test/134652.mp4,1,0,0.0669546276330947,DEEPFAKE,REAL,1,0,test/134652.mp4,test/134652.mp4,test,1,1,1,1,5.632,138,1,88064,test/134651.mp4,"[[0.7, 1.604]]",False,FALSE_NEGATIVE
test/134654.mp4,1,0,0.045163482427597,DEEPFAKE,REAL,1,0,test/134654.mp4,test/134654.mp4,test,1,0,1,1,5.632,138,1,88064,test/134651.mp4,"[[0.7, 1.604]]",False,FALSE_NEGATIVE
test/134653.mp4,1,0,0.4056276679039001,DEEPFAKE,REAL,1,0,test/134653.mp4,test/134653.mp4,test,1,1,0,1,5.568,137,1,87040,test/134651.mp4,"[[0.7, 1.564]]",False,FALSE_NEGATIVE
test/134659.mp4,1,0,0.0262545011937618,DEEPFAKE,REAL,1,0,test/134659.mp4,test/134659.mp4,test,1,0,1,1,4.736,116,1,73728,test/134656.mp4,"[[2.7, 3.524]]",False,FALSE_NEGATIVE
test/134675.mp4,1,0,0.4428970217704773,DEEPFAKE,REAL,1,0,test/134675.mp4,test/134675.mp4,test,1,1,0,1,5.184,126,1,80896,test/134673.mp4,"[[2.7, 2.98]]",False,FALSE_NEGATIVE
test/134620.mp4,1,0,0.233176589012146,DEEPFAKE,REAL,1,0,test/134620.mp4,test/134620.mp4,test,1,0,1,1,7.232,178,1,113664,test/134617.mp4,"[[3.9, 4.404]]",False,FALSE_NEGATIVE
test/134636.mp4,1,0,0.1724771857261657,DEEPFAKE,REAL,1,0,test/134636.mp4,test/134636.mp4,test,1,1,1,1,9.792,241,1,154624,test/134635.mp4,"[[6.6, 7.324]]",False,FALSE_NEGATIVE
test/134676.mp4,1,0,0.0709364414215087,DEEPFAKE,REAL,1,0,test/134676.mp4,test/134676.mp4,test,1,0,1,1,5.888,143,1,92160,test/134673.mp4,"[[2.7, 3.684]]",False,FALSE_NEGATIVE
test/134739.mp4,1,0,0.0583463124930858,DEEPFAKE,REAL,1,0,test/134739.mp4,test/134739.mp4,test,1,0,1,1,6.208,151,1,97280,test/134736.mp4,"[[3.1, 3.724]]",False,FALSE_NEGATIVE
test/135120.mp4,1,0,0.4029726982116699,DEEPFAKE,REAL,1,0,test/135120.mp4,test/135120.mp4,test,1,0,1,1,7.168,174,1,112640,test/135117.mp4,"[[3.5, 4.084]]",False,FALSE_NEGATIVE
test/135207.mp4,1,0,0.2960241138935089,DEEPFAKE,REAL,1,0,test/135207.mp4,test/135207.mp4,test,1,1,0,1,4.224,102,1,65536,test/135205.mp4,"[[3.3, 3.58]]",False,FALSE_NEGATIVE
